ISO-10303-21;
HEADER;
FILE_DESCRIPTION(('FreeCAD Model'),'2;1');
FILE_NAME('Open CASCADE Shape Model','2026-09-27T13:04:51',('FreeCAD'),(
    'FreeCAD'),'Open CASCADE STEP processor 7.8','FreeCAD','Unknown');
FILE_SCHEMA(('AUTOMOTIVE_DESIGN { 1 0 10303 214 1 1 1 1 }'));
ENDSEC;
DATA;
#1 = APPLICATION_PROTOCOL_DEFINITION('international standard',
  'automotive_design',2000,#2);
#2 = APPLICATION_CONTEXT(
  'core data for automotive mechanical design processes');
#3 = SHAPE_DEFINITION_REPRESENTATION(#4,#10);
#4 = PRODUCT_DEFINITION_SHAPE('','',#5);
#5 = PRODUCT_DEFINITION('design','',#6,#9);
#6 = PRODUCT_DEFINITION_FORMATION('','',#7);
#7 = PRODUCT('Open CASCADE STEP translator 7.8 1',
  'Open CASCADE STEP translator 7.8 1','',(#8));
#8 = PRODUCT_CONTEXT('',#2,'mechanical');
#9 = PRODUCT_DEFINITION_CONTEXT('part definition',#2,'design');
#10 = ADVANCED_BREP_SHAPE_REPRESENTATION('',(#11,#15),#6289);
#11 = AXIS2_PLACEMENT_3D('',#12,#13,#14);
#12 = CARTESIAN_POINT('',(0.,0.,0.));
#13 = DIRECTION('',(0.,0.,1.));
#14 = DIRECTION('',(1.,0.,-0.));
#15 = MANIFOLD_SOLID_BREP('',#16);
#16 = CLOSED_SHELL('',(#17,#157,#188,#213,#238,#375,#527,#552,#577,#802,
    #844,#886,#910,#934,#969,#1004,#1066,#1392,#1426,#1460,#1502,#1527,
    #1560,#1647,#1734,#1746,#1777,#1801,#1825,#1842,#1868,#1894,#1926,
    #1950,#1974,#1991,#2025,#2042,#2054,#2071,#2088,#2105,#2147,#2172,
    #2206,#2248,#2265,#2290,#2324,#2341,#2358,#2375,#2471,#2483,#2495,
    #2507,#2531,#2555,#2598,#2639,#2663,#2687,#2712,#2730,#2822,#2847,
    #2872,#2896,#2920,#2971,#3022,#3039,#3056,#3081,#3106,#3131,#3163,
    #3187,#3211,#3236,#3261,#3285,#3309,#3327,#3352,#3377,#3402,#3442,
    #3482,#3559,#3571,#3588,#3605,#3628,#3646,#3664,#3676,#3697,#3709,
    #3721,#3733,#3750,#3792,#3816,#3856,#3867,#3879,#3895,#3907,#3949,
    #3973,#4013,#4025,#4037,#4046,#4055,#4064,#4150,#4159,#4176,#4193,
    #4330,#4355,#4380,#4601,#4632,#4656,#4680,#4697,#4722,#4747,#4764,
    #4776,#4793,#4805,#4827,#4844,#4861,#4878,#4895,#4912,#4929,#4941,
    #5015,#5032,#5072,#5092,#5104,#5128,#5152,#5169,#5193,#5249,#5266,
    #5291,#5323,#5363,#5387,#5411,#5428,#5453,#5478,#5503,#5528,#5540,
    #5549,#5616,#5647,#5735,#5759,#5776,#5788,#5812,#5836,#5853,#5862,
    #5872,#5884,#5893,#5902,#5922,#5931,#5966,#5990,#6014,#6031,#6089,
    #6113,#6137,#6154,#6178,#6202,#6219,#6244,#6256,#6268,#6280));
#17 = ADVANCED_FACE('',(#18),#152,.F.);
#18 = FACE_BOUND('',#19,.F.);
#19 = EDGE_LOOP('',(#20,#30,#39,#47,#56,#64,#72,#80,#88,#96,#104,#112,
    #120,#128,#137,#145));
#20 = ORIENTED_EDGE('',*,*,#21,.T.);
#21 = EDGE_CURVE('',#22,#24,#26,.T.);
#22 = VERTEX_POINT('',#23);
#23 = CARTESIAN_POINT('',(-3.6,43.,-1.5));
#24 = VERTEX_POINT('',#25);
#25 = CARTESIAN_POINT('',(67.6,43.,-1.5));
#26 = LINE('',#27,#28);
#27 = CARTESIAN_POINT('',(-24.6,43.,-1.5));
#28 = VECTOR('',#29,1.);
#29 = DIRECTION('',(1.,0.,-0.));
#30 = ORIENTED_EDGE('',*,*,#31,.F.);
#31 = EDGE_CURVE('',#32,#24,#34,.T.);
#32 = VERTEX_POINT('',#33);
#33 = CARTESIAN_POINT('',(68.6,43.,-0.5));
#34 = CIRCLE('',#35,1.);
#35 = AXIS2_PLACEMENT_3D('',#36,#37,#38);
#36 = CARTESIAN_POINT('',(67.6,43.,-0.5));
#37 = DIRECTION('',(-0.,1.,0.));
#38 = DIRECTION('',(0.,0.,-1.));
#39 = ORIENTED_EDGE('',*,*,#40,.T.);
#40 = EDGE_CURVE('',#32,#41,#43,.T.);
#41 = VERTEX_POINT('',#42);
#42 = CARTESIAN_POINT('',(68.6,43.,-7.));
#43 = LINE('',#44,#45);
#44 = CARTESIAN_POINT('',(68.6,43.,-7.));
#45 = VECTOR('',#46,1.);
#46 = DIRECTION('',(-0.,-0.,-1.));
#47 = ORIENTED_EDGE('',*,*,#48,.T.);
#48 = EDGE_CURVE('',#41,#49,#51,.T.);
#49 = VERTEX_POINT('',#50);
#50 = CARTESIAN_POINT('',(66.6,43.,-5.));
#51 = CIRCLE('',#52,2.);
#52 = AXIS2_PLACEMENT_3D('',#53,#54,#55);
#53 = CARTESIAN_POINT('',(66.6,43.,-7.));
#54 = DIRECTION('',(0.,-1.,0.));
#55 = DIRECTION('',(0.,-0.,-1.));
#56 = ORIENTED_EDGE('',*,*,#57,.F.);
#57 = EDGE_CURVE('',#58,#49,#60,.T.);
#58 = VERTEX_POINT('',#59);
#59 = CARTESIAN_POINT('',(55.,43.,-5.));
#60 = LINE('',#61,#62);
#61 = CARTESIAN_POINT('',(-24.6,43.,-5.));
#62 = VECTOR('',#63,1.);
#63 = DIRECTION('',(1.,0.,-0.));
#64 = ORIENTED_EDGE('',*,*,#65,.T.);
#65 = EDGE_CURVE('',#58,#66,#68,.T.);
#66 = VERTEX_POINT('',#67);
#67 = CARTESIAN_POINT('',(55.,43.,-2.));
#68 = LINE('',#69,#70);
#69 = CARTESIAN_POINT('',(55.,43.,-5.));
#70 = VECTOR('',#71,1.);
#71 = DIRECTION('',(0.,0.,1.));
#72 = ORIENTED_EDGE('',*,*,#73,.T.);
#73 = EDGE_CURVE('',#66,#74,#76,.T.);
#74 = VERTEX_POINT('',#75);
#75 = CARTESIAN_POINT('',(49.,43.,-2.));
#76 = LINE('',#77,#78);
#77 = CARTESIAN_POINT('',(12.2,43.,-2.));
#78 = VECTOR('',#79,1.);
#79 = DIRECTION('',(-1.,-0.,0.));
#80 = ORIENTED_EDGE('',*,*,#81,.F.);
#81 = EDGE_CURVE('',#82,#74,#84,.T.);
#82 = VERTEX_POINT('',#83);
#83 = CARTESIAN_POINT('',(49.,43.,-5.));
#84 = LINE('',#85,#86);
#85 = CARTESIAN_POINT('',(49.,43.,-5.));
#86 = VECTOR('',#87,1.);
#87 = DIRECTION('',(0.,0.,1.));
#88 = ORIENTED_EDGE('',*,*,#89,.F.);
#89 = EDGE_CURVE('',#90,#82,#92,.T.);
#90 = VERTEX_POINT('',#91);
#91 = CARTESIAN_POINT('',(15.,43.,-5.));
#92 = LINE('',#93,#94);
#93 = CARTESIAN_POINT('',(-24.6,43.,-5.));
#94 = VECTOR('',#95,1.);
#95 = DIRECTION('',(1.,0.,-0.));
#96 = ORIENTED_EDGE('',*,*,#97,.T.);
#97 = EDGE_CURVE('',#90,#98,#100,.T.);
#98 = VERTEX_POINT('',#99);
#99 = CARTESIAN_POINT('',(15.,43.,-2.));
#100 = LINE('',#101,#102);
#101 = CARTESIAN_POINT('',(15.,43.,-5.));
#102 = VECTOR('',#103,1.);
#103 = DIRECTION('',(0.,0.,1.));
#104 = ORIENTED_EDGE('',*,*,#105,.T.);
#105 = EDGE_CURVE('',#98,#106,#108,.T.);
#106 = VERTEX_POINT('',#107);
#107 = CARTESIAN_POINT('',(9.,43.,-2.));
#108 = LINE('',#109,#110);
#109 = CARTESIAN_POINT('',(-7.8,43.,-2.));
#110 = VECTOR('',#111,1.);
#111 = DIRECTION('',(-1.,-0.,0.));
#112 = ORIENTED_EDGE('',*,*,#113,.F.);
#113 = EDGE_CURVE('',#114,#106,#116,.T.);
#114 = VERTEX_POINT('',#115);
#115 = CARTESIAN_POINT('',(9.,43.,-5.));
#116 = LINE('',#117,#118);
#117 = CARTESIAN_POINT('',(9.,43.,-5.));
#118 = VECTOR('',#119,1.);
#119 = DIRECTION('',(0.,0.,1.));
#120 = ORIENTED_EDGE('',*,*,#121,.F.);
#121 = EDGE_CURVE('',#122,#114,#124,.T.);
#122 = VERTEX_POINT('',#123);
#123 = CARTESIAN_POINT('',(-2.6,43.,-5.));
#124 = LINE('',#125,#126);
#125 = CARTESIAN_POINT('',(-24.6,43.,-5.));
#126 = VECTOR('',#127,1.);
#127 = DIRECTION('',(1.,0.,-0.));
#128 = ORIENTED_EDGE('',*,*,#129,.F.);
#129 = EDGE_CURVE('',#130,#122,#132,.T.);
#130 = VERTEX_POINT('',#131);
#131 = CARTESIAN_POINT('',(-4.6,43.,-7.));
#132 = CIRCLE('',#133,2.);
#133 = AXIS2_PLACEMENT_3D('',#134,#135,#136);
#134 = CARTESIAN_POINT('',(-2.6,43.,-7.));
#135 = DIRECTION('',(-0.,1.,0.));
#136 = DIRECTION('',(0.,0.,-1.));
#137 = ORIENTED_EDGE('',*,*,#138,.T.);
#138 = EDGE_CURVE('',#130,#139,#141,.T.);
#139 = VERTEX_POINT('',#140);
#140 = CARTESIAN_POINT('',(-4.6,43.,-0.5));
#141 = LINE('',#142,#143);
#142 = CARTESIAN_POINT('',(-4.6,43.,-7.));
#143 = VECTOR('',#144,1.);
#144 = DIRECTION('',(0.,0.,1.));
#145 = ORIENTED_EDGE('',*,*,#146,.F.);
#146 = EDGE_CURVE('',#22,#139,#147,.T.);
#147 = CIRCLE('',#148,1.);
#148 = AXIS2_PLACEMENT_3D('',#149,#150,#151);
#149 = CARTESIAN_POINT('',(-3.6,43.,-0.5));
#150 = DIRECTION('',(-0.,1.,0.));
#151 = DIRECTION('',(0.,0.,-1.));
#152 = PLANE('',#153);
#153 = AXIS2_PLACEMENT_3D('',#154,#155,#156);
#154 = CARTESIAN_POINT('',(-24.6,43.,-5.));
#155 = DIRECTION('',(-0.,1.,0.));
#156 = DIRECTION('',(0.,0.,1.));
#157 = ADVANCED_FACE('',(#158),#183,.F.);
#158 = FACE_BOUND('',#159,.F.);
#159 = EDGE_LOOP('',(#160,#161,#169,#177));
#160 = ORIENTED_EDGE('',*,*,#21,.F.);
#161 = ORIENTED_EDGE('',*,*,#162,.T.);
#162 = EDGE_CURVE('',#22,#163,#165,.T.);
#163 = VERTEX_POINT('',#164);
#164 = CARTESIAN_POINT('',(-3.6,35.,-1.5));
#165 = LINE('',#166,#167);
#166 = CARTESIAN_POINT('',(-3.6,43.,-1.5));
#167 = VECTOR('',#168,1.);
#168 = DIRECTION('',(0.,-1.,0.));
#169 = ORIENTED_EDGE('',*,*,#170,.T.);
#170 = EDGE_CURVE('',#163,#171,#173,.T.);
#171 = VERTEX_POINT('',#172);
#172 = CARTESIAN_POINT('',(67.6,35.,-1.5));
#173 = LINE('',#174,#175);
#174 = CARTESIAN_POINT('',(-24.6,35.,-1.5));
#175 = VECTOR('',#176,1.);
#176 = DIRECTION('',(1.,0.,-0.));
#177 = ORIENTED_EDGE('',*,*,#178,.F.);
#178 = EDGE_CURVE('',#24,#171,#179,.T.);
#179 = LINE('',#180,#181);
#180 = CARTESIAN_POINT('',(67.6,43.,-1.5));
#181 = VECTOR('',#182,1.);
#182 = DIRECTION('',(0.,-1.,0.));
#183 = PLANE('',#184);
#184 = AXIS2_PLACEMENT_3D('',#185,#186,#187);
#185 = CARTESIAN_POINT('',(-24.6,35.,-1.5));
#186 = DIRECTION('',(0.,0.,1.));
#187 = DIRECTION('',(1.,0.,-0.));
#188 = ADVANCED_FACE('',(#189),#208,.T.);
#189 = FACE_BOUND('',#190,.F.);
#190 = EDGE_LOOP('',(#191,#192,#200,#207));
#191 = ORIENTED_EDGE('',*,*,#146,.T.);
#192 = ORIENTED_EDGE('',*,*,#193,.T.);
#193 = EDGE_CURVE('',#139,#194,#196,.T.);
#194 = VERTEX_POINT('',#195);
#195 = CARTESIAN_POINT('',(-4.6,35.,-0.5));
#196 = LINE('',#197,#198);
#197 = CARTESIAN_POINT('',(-4.6,43.,-0.5));
#198 = VECTOR('',#199,1.);
#199 = DIRECTION('',(0.,-1.,0.));
#200 = ORIENTED_EDGE('',*,*,#201,.F.);
#201 = EDGE_CURVE('',#163,#194,#202,.T.);
#202 = CIRCLE('',#203,1.);
#203 = AXIS2_PLACEMENT_3D('',#204,#205,#206);
#204 = CARTESIAN_POINT('',(-3.6,35.,-0.5));
#205 = DIRECTION('',(-0.,1.,0.));
#206 = DIRECTION('',(0.,0.,-1.));
#207 = ORIENTED_EDGE('',*,*,#162,.F.);
#208 = CYLINDRICAL_SURFACE('',#209,1.);
#209 = AXIS2_PLACEMENT_3D('',#210,#211,#212);
#210 = CARTESIAN_POINT('',(-3.6,43.,-0.5));
#211 = DIRECTION('',(0.,-1.,0.));
#212 = DIRECTION('',(-0.,-0.,-1.));
#213 = ADVANCED_FACE('',(#214),#233,.T.);
#214 = FACE_BOUND('',#215,.F.);
#215 = EDGE_LOOP('',(#216,#217,#218,#227));
#216 = ORIENTED_EDGE('',*,*,#31,.T.);
#217 = ORIENTED_EDGE('',*,*,#178,.T.);
#218 = ORIENTED_EDGE('',*,*,#219,.F.);
#219 = EDGE_CURVE('',#220,#171,#222,.T.);
#220 = VERTEX_POINT('',#221);
#221 = CARTESIAN_POINT('',(68.6,35.,-0.5));
#222 = CIRCLE('',#223,1.);
#223 = AXIS2_PLACEMENT_3D('',#224,#225,#226);
#224 = CARTESIAN_POINT('',(67.6,35.,-0.5));
#225 = DIRECTION('',(-0.,1.,0.));
#226 = DIRECTION('',(0.,0.,-1.));
#227 = ORIENTED_EDGE('',*,*,#228,.F.);
#228 = EDGE_CURVE('',#32,#220,#229,.T.);
#229 = LINE('',#230,#231);
#230 = CARTESIAN_POINT('',(68.6,43.,-0.5));
#231 = VECTOR('',#232,1.);
#232 = DIRECTION('',(0.,-1.,0.));
#233 = CYLINDRICAL_SURFACE('',#234,1.);
#234 = AXIS2_PLACEMENT_3D('',#235,#236,#237);
#235 = CARTESIAN_POINT('',(67.6,43.,-0.5));
#236 = DIRECTION('',(0.,-1.,0.));
#237 = DIRECTION('',(1.,0.,0.));
#238 = ADVANCED_FACE('',(#239,#273,#291,#302,#336),#370,.F.);
#239 = FACE_BOUND('',#240,.F.);
#240 = EDGE_LOOP('',(#241,#251,#259,#267));
#241 = ORIENTED_EDGE('',*,*,#242,.F.);
#242 = EDGE_CURVE('',#243,#245,#247,.T.);
#243 = VERTEX_POINT('',#244);
#244 = CARTESIAN_POINT('',(-4.6,2.,29.));
#245 = VERTEX_POINT('',#246);
#246 = CARTESIAN_POINT('',(-4.6,47.,29.));
#247 = LINE('',#248,#249);
#248 = CARTESIAN_POINT('',(-4.6,-4.6,29.));
#249 = VECTOR('',#250,1.);
#250 = DIRECTION('',(-0.,1.,0.));
#251 = ORIENTED_EDGE('',*,*,#252,.F.);
#252 = EDGE_CURVE('',#253,#243,#255,.T.);
#253 = VERTEX_POINT('',#254);
#254 = CARTESIAN_POINT('',(-4.6,2.,-9.));
#255 = LINE('',#256,#257);
#256 = CARTESIAN_POINT('',(-4.6,2.,-9.));
#257 = VECTOR('',#258,1.);
#258 = DIRECTION('',(0.,0.,1.));
#259 = ORIENTED_EDGE('',*,*,#260,.T.);
#260 = EDGE_CURVE('',#253,#261,#263,.T.);
#261 = VERTEX_POINT('',#262);
#262 = CARTESIAN_POINT('',(-4.6,47.,-9.));
#263 = LINE('',#264,#265);
#264 = CARTESIAN_POINT('',(-4.6,-4.6,-9.));
#265 = VECTOR('',#266,1.);
#266 = DIRECTION('',(-0.,1.,0.));
#267 = ORIENTED_EDGE('',*,*,#268,.T.);
#268 = EDGE_CURVE('',#261,#245,#269,.T.);
#269 = LINE('',#270,#271);
#270 = CARTESIAN_POINT('',(-4.6,47.,-9.));
#271 = VECTOR('',#272,1.);
#272 = DIRECTION('',(0.,0.,1.));
#273 = FACE_BOUND('',#274,.F.);
#274 = EDGE_LOOP('',(#275,#276,#284,#290));
#275 = ORIENTED_EDGE('',*,*,#138,.F.);
#276 = ORIENTED_EDGE('',*,*,#277,.T.);
#277 = EDGE_CURVE('',#130,#278,#280,.T.);
#278 = VERTEX_POINT('',#279);
#279 = CARTESIAN_POINT('',(-4.6,35.,-7.));
#280 = LINE('',#281,#282);
#281 = CARTESIAN_POINT('',(-4.6,43.,-7.));
#282 = VECTOR('',#283,1.);
#283 = DIRECTION('',(0.,-1.,0.));
#284 = ORIENTED_EDGE('',*,*,#285,.T.);
#285 = EDGE_CURVE('',#278,#194,#286,.T.);
#286 = LINE('',#287,#288);
#287 = CARTESIAN_POINT('',(-4.6,35.,-7.));
#288 = VECTOR('',#289,1.);
#289 = DIRECTION('',(0.,0.,1.));
#290 = ORIENTED_EDGE('',*,*,#193,.F.);
#291 = FACE_BOUND('',#292,.F.);
#292 = EDGE_LOOP('',(#293));
#293 = ORIENTED_EDGE('',*,*,#294,.F.);
#294 = EDGE_CURVE('',#295,#295,#297,.T.);
#295 = VERTEX_POINT('',#296);
#296 = CARTESIAN_POINT('',(-4.6,31.5,12.45));
#297 = CIRCLE('',#298,3.45);
#298 = AXIS2_PLACEMENT_3D('',#299,#300,#301);
#299 = CARTESIAN_POINT('',(-4.6,31.5,9.));
#300 = DIRECTION('',(1.,0.,0.));
#301 = DIRECTION('',(-0.,0.,1.));
#302 = FACE_BOUND('',#303,.F.);
#303 = EDGE_LOOP('',(#304,#314,#322,#330));
#304 = ORIENTED_EDGE('',*,*,#305,.F.);
#305 = EDGE_CURVE('',#306,#308,#310,.T.);
#306 = VERTEX_POINT('',#307);
#307 = CARTESIAN_POINT('',(-4.6,14.,-0.5));
#308 = VERTEX_POINT('',#309);
#309 = CARTESIAN_POINT('',(-4.6,6.,-0.5));
#310 = LINE('',#311,#312);
#311 = CARTESIAN_POINT('',(-4.6,14.,-0.5));
#312 = VECTOR('',#313,1.);
#313 = DIRECTION('',(0.,-1.,0.));
#314 = ORIENTED_EDGE('',*,*,#315,.T.);
#315 = EDGE_CURVE('',#306,#316,#318,.T.);
#316 = VERTEX_POINT('',#317);
#317 = CARTESIAN_POINT('',(-4.6,14.,-7.));
#318 = LINE('',#319,#320);
#319 = CARTESIAN_POINT('',(-4.6,14.,-7.));
#320 = VECTOR('',#321,1.);
#321 = DIRECTION('',(-0.,-0.,-1.));
#322 = ORIENTED_EDGE('',*,*,#323,.T.);
#323 = EDGE_CURVE('',#316,#324,#326,.T.);
#324 = VERTEX_POINT('',#325);
#325 = CARTESIAN_POINT('',(-4.6,6.,-7.));
#326 = LINE('',#327,#328);
#327 = CARTESIAN_POINT('',(-4.6,14.,-7.));
#328 = VECTOR('',#329,1.);
#329 = DIRECTION('',(0.,-1.,0.));
#330 = ORIENTED_EDGE('',*,*,#331,.T.);
#331 = EDGE_CURVE('',#324,#308,#332,.T.);
#332 = LINE('',#333,#334);
#333 = CARTESIAN_POINT('',(-4.6,6.,-7.));
#334 = VECTOR('',#335,1.);
#335 = DIRECTION('',(0.,0.,1.));
#336 = FACE_BOUND('',#337,.F.);
#337 = EDGE_LOOP('',(#338,#348,#356,#364));
#338 = ORIENTED_EDGE('',*,*,#339,.F.);
#339 = EDGE_CURVE('',#340,#342,#344,.T.);
#340 = VERTEX_POINT('',#341);
#341 = CARTESIAN_POINT('',(-4.6,10.5,6.));
#342 = VERTEX_POINT('',#343);
#343 = CARTESIAN_POINT('',(-4.6,17.5,6.));
#344 = LINE('',#345,#346);
#345 = CARTESIAN_POINT('',(-4.6,10.5,6.));
#346 = VECTOR('',#347,1.);
#347 = DIRECTION('',(-0.,1.,0.));
#348 = ORIENTED_EDGE('',*,*,#349,.T.);
#349 = EDGE_CURVE('',#340,#350,#352,.T.);
#350 = VERTEX_POINT('',#351);
#351 = CARTESIAN_POINT('',(-4.6,10.5,12.));
#352 = LINE('',#353,#354);
#353 = CARTESIAN_POINT('',(-4.6,10.5,6.));
#354 = VECTOR('',#355,1.);
#355 = DIRECTION('',(0.,0.,1.));
#356 = ORIENTED_EDGE('',*,*,#357,.T.);
#357 = EDGE_CURVE('',#350,#358,#360,.T.);
#358 = VERTEX_POINT('',#359);
#359 = CARTESIAN_POINT('',(-4.6,17.5,12.));
#360 = LINE('',#361,#362);
#361 = CARTESIAN_POINT('',(-4.6,10.5,12.));
#362 = VECTOR('',#363,1.);
#363 = DIRECTION('',(-0.,1.,0.));
#364 = ORIENTED_EDGE('',*,*,#365,.F.);
#365 = EDGE_CURVE('',#342,#358,#366,.T.);
#366 = LINE('',#367,#368);
#367 = CARTESIAN_POINT('',(-4.6,17.5,6.));
#368 = VECTOR('',#369,1.);
#369 = DIRECTION('',(0.,0.,1.));
#370 = PLANE('',#371);
#371 = AXIS2_PLACEMENT_3D('',#372,#373,#374);
#372 = CARTESIAN_POINT('',(-4.6,-4.6,-9.));
#373 = DIRECTION('',(1.,0.,-0.));
#374 = DIRECTION('',(0.,0.,1.));
#375 = ADVANCED_FACE('',(#376,#394,#428,#470,#488),#522,.T.);
#376 = FACE_BOUND('',#377,.T.);
#377 = EDGE_LOOP('',(#378,#379,#380,#388));
#378 = ORIENTED_EDGE('',*,*,#228,.F.);
#379 = ORIENTED_EDGE('',*,*,#40,.T.);
#380 = ORIENTED_EDGE('',*,*,#381,.T.);
#381 = EDGE_CURVE('',#41,#382,#384,.T.);
#382 = VERTEX_POINT('',#383);
#383 = CARTESIAN_POINT('',(68.6,35.,-7.));
#384 = LINE('',#385,#386);
#385 = CARTESIAN_POINT('',(68.6,43.,-7.));
#386 = VECTOR('',#387,1.);
#387 = DIRECTION('',(0.,-1.,0.));
#388 = ORIENTED_EDGE('',*,*,#389,.F.);
#389 = EDGE_CURVE('',#220,#382,#390,.T.);
#390 = LINE('',#391,#392);
#391 = CARTESIAN_POINT('',(68.6,35.,-7.));
#392 = VECTOR('',#393,1.);
#393 = DIRECTION('',(-0.,-0.,-1.));
#394 = FACE_BOUND('',#395,.T.);
#395 = EDGE_LOOP('',(#396,#406,#414,#422));
#396 = ORIENTED_EDGE('',*,*,#397,.F.);
#397 = EDGE_CURVE('',#398,#400,#402,.T.);
#398 = VERTEX_POINT('',#399);
#399 = CARTESIAN_POINT('',(68.6,2.,29.));
#400 = VERTEX_POINT('',#401);
#401 = CARTESIAN_POINT('',(68.6,47.,29.));
#402 = LINE('',#403,#404);
#403 = CARTESIAN_POINT('',(68.6,-4.6,29.));
#404 = VECTOR('',#405,1.);
#405 = DIRECTION('',(-0.,1.,0.));
#406 = ORIENTED_EDGE('',*,*,#407,.F.);
#407 = EDGE_CURVE('',#408,#398,#410,.T.);
#408 = VERTEX_POINT('',#409);
#409 = CARTESIAN_POINT('',(68.6,2.,-9.));
#410 = LINE('',#411,#412);
#411 = CARTESIAN_POINT('',(68.6,2.,-9.));
#412 = VECTOR('',#413,1.);
#413 = DIRECTION('',(0.,0.,1.));
#414 = ORIENTED_EDGE('',*,*,#415,.T.);
#415 = EDGE_CURVE('',#408,#416,#418,.T.);
#416 = VERTEX_POINT('',#417);
#417 = CARTESIAN_POINT('',(68.6,47.,-9.));
#418 = LINE('',#419,#420);
#419 = CARTESIAN_POINT('',(68.6,-4.6,-9.));
#420 = VECTOR('',#421,1.);
#421 = DIRECTION('',(-0.,1.,0.));
#422 = ORIENTED_EDGE('',*,*,#423,.T.);
#423 = EDGE_CURVE('',#416,#400,#424,.T.);
#424 = LINE('',#425,#426);
#425 = CARTESIAN_POINT('',(68.6,47.,-9.));
#426 = VECTOR('',#427,1.);
#427 = DIRECTION('',(0.,0.,1.));
#428 = FACE_BOUND('',#429,.T.);
#429 = EDGE_LOOP('',(#430,#440,#448,#456,#464));
#430 = ORIENTED_EDGE('',*,*,#431,.F.);
#431 = EDGE_CURVE('',#432,#434,#436,.T.);
#432 = VERTEX_POINT('',#433);
#433 = CARTESIAN_POINT('',(68.6,24.5,2.5));
#434 = VERTEX_POINT('',#435);
#435 = CARTESIAN_POINT('',(68.6,23.,2.5));
#436 = LINE('',#437,#438);
#437 = CARTESIAN_POINT('',(68.6,9.2,2.5));
#438 = VECTOR('',#439,1.);
#439 = DIRECTION('',(0.,-1.,0.));
#440 = ORIENTED_EDGE('',*,*,#441,.F.);
#441 = EDGE_CURVE('',#442,#432,#444,.T.);
#442 = VERTEX_POINT('',#443);
#443 = CARTESIAN_POINT('',(68.6,26.,2.5));
#444 = LINE('',#445,#446);
#445 = CARTESIAN_POINT('',(68.6,9.2,2.5));
#446 = VECTOR('',#447,1.);
#447 = DIRECTION('',(0.,-1.,0.));
#448 = ORIENTED_EDGE('',*,*,#449,.F.);
#449 = EDGE_CURVE('',#450,#442,#452,.T.);
#450 = VERTEX_POINT('',#451);
#451 = CARTESIAN_POINT('',(68.6,26.,0.9));
#452 = LINE('',#453,#454);
#453 = CARTESIAN_POINT('',(68.6,26.,-4.05));
#454 = VECTOR('',#455,1.);
#455 = DIRECTION('',(0.,0.,1.));
#456 = ORIENTED_EDGE('',*,*,#457,.T.);
#457 = EDGE_CURVE('',#450,#458,#460,.T.);
#458 = VERTEX_POINT('',#459);
#459 = CARTESIAN_POINT('',(68.6,23.,0.9));
#460 = LINE('',#461,#462);
#461 = CARTESIAN_POINT('',(68.6,9.2,0.9));
#462 = VECTOR('',#463,1.);
#463 = DIRECTION('',(0.,-1.,0.));
#464 = ORIENTED_EDGE('',*,*,#465,.T.);
#465 = EDGE_CURVE('',#458,#434,#466,.T.);
#466 = LINE('',#467,#468);
#467 = CARTESIAN_POINT('',(68.6,23.,-4.05));
#468 = VECTOR('',#469,1.);
#469 = DIRECTION('',(0.,0.,1.));
#470 = FACE_BOUND('',#471,.T.);
#471 = EDGE_LOOP('',(#472,#481));
#472 = ORIENTED_EDGE('',*,*,#473,.F.);
#473 = EDGE_CURVE('',#432,#474,#476,.T.);
#474 = VERTEX_POINT('',#475);
#475 = CARTESIAN_POINT('',(68.6,24.5,23.5));
#476 = CIRCLE('',#477,10.5);
#477 = AXIS2_PLACEMENT_3D('',#478,#479,#480);
#478 = CARTESIAN_POINT('',(68.6,24.5,13.));
#479 = DIRECTION('',(1.,0.,0.));
#480 = DIRECTION('',(-0.,0.,1.));
#481 = ORIENTED_EDGE('',*,*,#482,.F.);
#482 = EDGE_CURVE('',#474,#432,#483,.T.);
#483 = CIRCLE('',#484,10.5);
#484 = AXIS2_PLACEMENT_3D('',#485,#486,#487);
#485 = CARTESIAN_POINT('',(68.6,24.5,13.));
#486 = DIRECTION('',(1.,0.,0.));
#487 = DIRECTION('',(-0.,0.,1.));
#488 = FACE_BOUND('',#489,.T.);
#489 = EDGE_LOOP('',(#490,#500,#508,#516));
#490 = ORIENTED_EDGE('',*,*,#491,.F.);
#491 = EDGE_CURVE('',#492,#494,#496,.T.);
#492 = VERTEX_POINT('',#493);
#493 = CARTESIAN_POINT('',(68.6,14.,-7.));
#494 = VERTEX_POINT('',#495);
#495 = CARTESIAN_POINT('',(68.6,14.,-0.5));
#496 = LINE('',#497,#498);
#497 = CARTESIAN_POINT('',(68.6,14.,-7.));
#498 = VECTOR('',#499,1.);
#499 = DIRECTION('',(0.,0.,1.));
#500 = ORIENTED_EDGE('',*,*,#501,.T.);
#501 = EDGE_CURVE('',#492,#502,#504,.T.);
#502 = VERTEX_POINT('',#503);
#503 = CARTESIAN_POINT('',(68.6,6.,-7.));
#504 = LINE('',#505,#506);
#505 = CARTESIAN_POINT('',(68.6,14.,-7.));
#506 = VECTOR('',#507,1.);
#507 = DIRECTION('',(0.,-1.,0.));
#508 = ORIENTED_EDGE('',*,*,#509,.F.);
#509 = EDGE_CURVE('',#510,#502,#512,.T.);
#510 = VERTEX_POINT('',#511);
#511 = CARTESIAN_POINT('',(68.6,6.,-0.5));
#512 = LINE('',#513,#514);
#513 = CARTESIAN_POINT('',(68.6,6.,-7.));
#514 = VECTOR('',#515,1.);
#515 = DIRECTION('',(-0.,-0.,-1.));
#516 = ORIENTED_EDGE('',*,*,#517,.F.);
#517 = EDGE_CURVE('',#494,#510,#518,.T.);
#518 = LINE('',#519,#520);
#519 = CARTESIAN_POINT('',(68.6,14.,-0.5));
#520 = VECTOR('',#521,1.);
#521 = DIRECTION('',(0.,-1.,0.));
#522 = PLANE('',#523);
#523 = AXIS2_PLACEMENT_3D('',#524,#525,#526);
#524 = CARTESIAN_POINT('',(68.6,-4.6,-9.));
#525 = DIRECTION('',(1.,0.,-0.));
#526 = DIRECTION('',(0.,0.,1.));
#527 = ADVANCED_FACE('',(#528),#547,.T.);
#528 = FACE_BOUND('',#529,.F.);
#529 = EDGE_LOOP('',(#530,#531,#539,#546));
#530 = ORIENTED_EDGE('',*,*,#129,.T.);
#531 = ORIENTED_EDGE('',*,*,#532,.T.);
#532 = EDGE_CURVE('',#122,#533,#535,.T.);
#533 = VERTEX_POINT('',#534);
#534 = CARTESIAN_POINT('',(-2.6,35.,-5.));
#535 = LINE('',#536,#537);
#536 = CARTESIAN_POINT('',(-2.6,43.,-5.));
#537 = VECTOR('',#538,1.);
#538 = DIRECTION('',(0.,-1.,0.));
#539 = ORIENTED_EDGE('',*,*,#540,.F.);
#540 = EDGE_CURVE('',#278,#533,#541,.T.);
#541 = CIRCLE('',#542,2.);
#542 = AXIS2_PLACEMENT_3D('',#543,#544,#545);
#543 = CARTESIAN_POINT('',(-2.6,35.,-7.));
#544 = DIRECTION('',(-0.,1.,0.));
#545 = DIRECTION('',(0.,0.,-1.));
#546 = ORIENTED_EDGE('',*,*,#277,.F.);
#547 = CYLINDRICAL_SURFACE('',#548,2.);
#548 = AXIS2_PLACEMENT_3D('',#549,#550,#551);
#549 = CARTESIAN_POINT('',(-2.6,43.,-7.));
#550 = DIRECTION('',(0.,-1.,0.));
#551 = DIRECTION('',(-1.,0.,0.));
#552 = ADVANCED_FACE('',(#553),#572,.T.);
#553 = FACE_BOUND('',#554,.T.);
#554 = EDGE_LOOP('',(#555,#556,#564,#571));
#555 = ORIENTED_EDGE('',*,*,#48,.T.);
#556 = ORIENTED_EDGE('',*,*,#557,.T.);
#557 = EDGE_CURVE('',#49,#558,#560,.T.);
#558 = VERTEX_POINT('',#559);
#559 = CARTESIAN_POINT('',(66.6,35.,-5.));
#560 = LINE('',#561,#562);
#561 = CARTESIAN_POINT('',(66.6,43.,-5.));
#562 = VECTOR('',#563,1.);
#563 = DIRECTION('',(0.,-1.,0.));
#564 = ORIENTED_EDGE('',*,*,#565,.F.);
#565 = EDGE_CURVE('',#382,#558,#566,.T.);
#566 = CIRCLE('',#567,2.);
#567 = AXIS2_PLACEMENT_3D('',#568,#569,#570);
#568 = CARTESIAN_POINT('',(66.6,35.,-7.));
#569 = DIRECTION('',(0.,-1.,0.));
#570 = DIRECTION('',(0.,-0.,-1.));
#571 = ORIENTED_EDGE('',*,*,#381,.F.);
#572 = CYLINDRICAL_SURFACE('',#573,2.);
#573 = AXIS2_PLACEMENT_3D('',#574,#575,#576);
#574 = CARTESIAN_POINT('',(66.6,43.,-7.));
#575 = DIRECTION('',(0.,-1.,0.));
#576 = DIRECTION('',(1.,0.,0.));
#577 = ADVANCED_FACE('',(#578,#763),#797,.T.);
#578 = FACE_BOUND('',#579,.T.);
#579 = EDGE_LOOP('',(#580,#581,#582,#590,#598,#606,#614,#622,#630,#638,
    #646,#654,#662,#670,#678,#686,#694,#702,#710,#716,#717,#718,#726,
    #734,#740,#741,#749,#757));
#580 = ORIENTED_EDGE('',*,*,#121,.F.);
#581 = ORIENTED_EDGE('',*,*,#532,.T.);
#582 = ORIENTED_EDGE('',*,*,#583,.T.);
#583 = EDGE_CURVE('',#533,#584,#586,.T.);
#584 = VERTEX_POINT('',#585);
#585 = CARTESIAN_POINT('',(9.,35.,-5.));
#586 = LINE('',#587,#588);
#587 = CARTESIAN_POINT('',(-24.6,35.,-5.));
#588 = VECTOR('',#589,1.);
#589 = DIRECTION('',(1.,0.,-0.));
#590 = ORIENTED_EDGE('',*,*,#591,.F.);
#591 = EDGE_CURVE('',#592,#584,#594,.T.);
#592 = VERTEX_POINT('',#593);
#593 = CARTESIAN_POINT('',(9.,14.,-5.));
#594 = LINE('',#595,#596);
#595 = CARTESIAN_POINT('',(9.,-24.6,-5.));
#596 = VECTOR('',#597,1.);
#597 = DIRECTION('',(-0.,1.,0.));
#598 = ORIENTED_EDGE('',*,*,#599,.F.);
#599 = EDGE_CURVE('',#600,#592,#602,.T.);
#600 = VERTEX_POINT('',#601);
#601 = CARTESIAN_POINT('',(-2.6,14.,-5.));
#602 = LINE('',#603,#604);
#603 = CARTESIAN_POINT('',(-24.6,14.,-5.));
#604 = VECTOR('',#605,1.);
#605 = DIRECTION('',(1.,0.,-0.));
#606 = ORIENTED_EDGE('',*,*,#607,.T.);
#607 = EDGE_CURVE('',#600,#608,#610,.T.);
#608 = VERTEX_POINT('',#609);
#609 = CARTESIAN_POINT('',(-2.6,6.,-5.));
#610 = LINE('',#611,#612);
#611 = CARTESIAN_POINT('',(-2.6,14.,-5.));
#612 = VECTOR('',#613,1.);
#613 = DIRECTION('',(0.,-1.,0.));
#614 = ORIENTED_EDGE('',*,*,#615,.T.);
#615 = EDGE_CURVE('',#608,#616,#618,.T.);
#616 = VERTEX_POINT('',#617);
#617 = CARTESIAN_POINT('',(9.,6.,-5.));
#618 = LINE('',#619,#620);
#619 = CARTESIAN_POINT('',(-24.6,6.,-5.));
#620 = VECTOR('',#621,1.);
#621 = DIRECTION('',(1.,0.,-0.));
#622 = ORIENTED_EDGE('',*,*,#623,.F.);
#623 = EDGE_CURVE('',#624,#616,#626,.T.);
#624 = VERTEX_POINT('',#625);
#625 = CARTESIAN_POINT('',(9.,-2.6,-5.));
#626 = LINE('',#627,#628);
#627 = CARTESIAN_POINT('',(9.,-24.6,-5.));
#628 = VECTOR('',#629,1.);
#629 = DIRECTION('',(-0.,1.,0.));
#630 = ORIENTED_EDGE('',*,*,#631,.T.);
#631 = EDGE_CURVE('',#624,#632,#634,.T.);
#632 = VERTEX_POINT('',#633);
#633 = CARTESIAN_POINT('',(15.,-2.6,-5.));
#634 = LINE('',#635,#636);
#635 = CARTESIAN_POINT('',(9.,-2.6,-5.));
#636 = VECTOR('',#637,1.);
#637 = DIRECTION('',(1.,0.,-0.));
#638 = ORIENTED_EDGE('',*,*,#639,.T.);
#639 = EDGE_CURVE('',#632,#640,#642,.T.);
#640 = VERTEX_POINT('',#641);
#641 = CARTESIAN_POINT('',(15.,6.,-5.));
#642 = LINE('',#643,#644);
#643 = CARTESIAN_POINT('',(15.,-24.6,-5.));
#644 = VECTOR('',#645,1.);
#645 = DIRECTION('',(-0.,1.,0.));
#646 = ORIENTED_EDGE('',*,*,#647,.T.);
#647 = EDGE_CURVE('',#640,#648,#650,.T.);
#648 = VERTEX_POINT('',#649);
#649 = CARTESIAN_POINT('',(49.,6.,-5.));
#650 = LINE('',#651,#652);
#651 = CARTESIAN_POINT('',(-24.6,6.,-5.));
#652 = VECTOR('',#653,1.);
#653 = DIRECTION('',(1.,0.,-0.));
#654 = ORIENTED_EDGE('',*,*,#655,.F.);
#655 = EDGE_CURVE('',#656,#648,#658,.T.);
#656 = VERTEX_POINT('',#657);
#657 = CARTESIAN_POINT('',(49.,-2.6,-5.));
#658 = LINE('',#659,#660);
#659 = CARTESIAN_POINT('',(49.,-24.6,-5.));
#660 = VECTOR('',#661,1.);
#661 = DIRECTION('',(-0.,1.,0.));
#662 = ORIENTED_EDGE('',*,*,#663,.T.);
#663 = EDGE_CURVE('',#656,#664,#666,.T.);
#664 = VERTEX_POINT('',#665);
#665 = CARTESIAN_POINT('',(55.,-2.6,-5.));
#666 = LINE('',#667,#668);
#667 = CARTESIAN_POINT('',(49.,-2.6,-5.));
#668 = VECTOR('',#669,1.);
#669 = DIRECTION('',(1.,0.,-0.));
#670 = ORIENTED_EDGE('',*,*,#671,.T.);
#671 = EDGE_CURVE('',#664,#672,#674,.T.);
#672 = VERTEX_POINT('',#673);
#673 = CARTESIAN_POINT('',(55.,6.,-5.));
#674 = LINE('',#675,#676);
#675 = CARTESIAN_POINT('',(55.,-24.6,-5.));
#676 = VECTOR('',#677,1.);
#677 = DIRECTION('',(-0.,1.,0.));
#678 = ORIENTED_EDGE('',*,*,#679,.T.);
#679 = EDGE_CURVE('',#672,#680,#682,.T.);
#680 = VERTEX_POINT('',#681);
#681 = CARTESIAN_POINT('',(66.6,6.,-5.));
#682 = LINE('',#683,#684);
#683 = CARTESIAN_POINT('',(-24.6,6.,-5.));
#684 = VECTOR('',#685,1.);
#685 = DIRECTION('',(1.,0.,-0.));
#686 = ORIENTED_EDGE('',*,*,#687,.F.);
#687 = EDGE_CURVE('',#688,#680,#690,.T.);
#688 = VERTEX_POINT('',#689);
#689 = CARTESIAN_POINT('',(66.6,14.,-5.));
#690 = LINE('',#691,#692);
#691 = CARTESIAN_POINT('',(66.6,14.,-5.));
#692 = VECTOR('',#693,1.);
#693 = DIRECTION('',(0.,-1.,0.));
#694 = ORIENTED_EDGE('',*,*,#695,.F.);
#695 = EDGE_CURVE('',#696,#688,#698,.T.);
#696 = VERTEX_POINT('',#697);
#697 = CARTESIAN_POINT('',(55.,14.,-5.));
#698 = LINE('',#699,#700);
#699 = CARTESIAN_POINT('',(-24.6,14.,-5.));
#700 = VECTOR('',#701,1.);
#701 = DIRECTION('',(1.,0.,-0.));
#702 = ORIENTED_EDGE('',*,*,#703,.T.);
#703 = EDGE_CURVE('',#696,#704,#706,.T.);
#704 = VERTEX_POINT('',#705);
#705 = CARTESIAN_POINT('',(55.,35.,-5.));
#706 = LINE('',#707,#708);
#707 = CARTESIAN_POINT('',(55.,-24.6,-5.));
#708 = VECTOR('',#709,1.);
#709 = DIRECTION('',(-0.,1.,0.));
#710 = ORIENTED_EDGE('',*,*,#711,.T.);
#711 = EDGE_CURVE('',#704,#558,#712,.T.);
#712 = LINE('',#713,#714);
#713 = CARTESIAN_POINT('',(-24.6,35.,-5.));
#714 = VECTOR('',#715,1.);
#715 = DIRECTION('',(1.,0.,-0.));
#716 = ORIENTED_EDGE('',*,*,#557,.F.);
#717 = ORIENTED_EDGE('',*,*,#57,.F.);
#718 = ORIENTED_EDGE('',*,*,#719,.T.);
#719 = EDGE_CURVE('',#58,#720,#722,.T.);
#720 = VERTEX_POINT('',#721);
#721 = CARTESIAN_POINT('',(55.,51.6,-5.));
#722 = LINE('',#723,#724);
#723 = CARTESIAN_POINT('',(55.,-24.6,-5.));
#724 = VECTOR('',#725,1.);
#725 = DIRECTION('',(-0.,1.,0.));
#726 = ORIENTED_EDGE('',*,*,#727,.F.);
#727 = EDGE_CURVE('',#728,#720,#730,.T.);
#728 = VERTEX_POINT('',#729);
#729 = CARTESIAN_POINT('',(49.,51.6,-5.));
#730 = LINE('',#731,#732);
#731 = CARTESIAN_POINT('',(49.,51.6,-5.));
#732 = VECTOR('',#733,1.);
#733 = DIRECTION('',(1.,0.,-0.));
#734 = ORIENTED_EDGE('',*,*,#735,.F.);
#735 = EDGE_CURVE('',#82,#728,#736,.T.);
#736 = LINE('',#737,#738);
#737 = CARTESIAN_POINT('',(49.,-24.6,-5.));
#738 = VECTOR('',#739,1.);
#739 = DIRECTION('',(-0.,1.,0.));
#740 = ORIENTED_EDGE('',*,*,#89,.F.);
#741 = ORIENTED_EDGE('',*,*,#742,.T.);
#742 = EDGE_CURVE('',#90,#743,#745,.T.);
#743 = VERTEX_POINT('',#744);
#744 = CARTESIAN_POINT('',(15.,51.6,-5.));
#745 = LINE('',#746,#747);
#746 = CARTESIAN_POINT('',(15.,-24.6,-5.));
#747 = VECTOR('',#748,1.);
#748 = DIRECTION('',(-0.,1.,0.));
#749 = ORIENTED_EDGE('',*,*,#750,.F.);
#750 = EDGE_CURVE('',#751,#743,#753,.T.);
#751 = VERTEX_POINT('',#752);
#752 = CARTESIAN_POINT('',(9.,51.6,-5.));
#753 = LINE('',#754,#755);
#754 = CARTESIAN_POINT('',(9.,51.6,-5.));
#755 = VECTOR('',#756,1.);
#756 = DIRECTION('',(1.,0.,-0.));
#757 = ORIENTED_EDGE('',*,*,#758,.F.);
#758 = EDGE_CURVE('',#114,#751,#759,.T.);
#759 = LINE('',#760,#761);
#760 = CARTESIAN_POINT('',(9.,-24.6,-5.));
#761 = VECTOR('',#762,1.);
#762 = DIRECTION('',(-0.,1.,0.));
#763 = FACE_BOUND('',#764,.T.);
#764 = EDGE_LOOP('',(#765,#775,#783,#791));
#765 = ORIENTED_EDGE('',*,*,#766,.T.);
#766 = EDGE_CURVE('',#767,#769,#771,.T.);
#767 = VERTEX_POINT('',#768);
#768 = CARTESIAN_POINT('',(15.,35.,-5.));
#769 = VERTEX_POINT('',#770);
#770 = CARTESIAN_POINT('',(49.,35.,-5.));
#771 = LINE('',#772,#773);
#772 = CARTESIAN_POINT('',(-24.6,35.,-5.));
#773 = VECTOR('',#774,1.);
#774 = DIRECTION('',(1.,0.,-0.));
#775 = ORIENTED_EDGE('',*,*,#776,.F.);
#776 = EDGE_CURVE('',#777,#769,#779,.T.);
#777 = VERTEX_POINT('',#778);
#778 = CARTESIAN_POINT('',(49.,14.,-5.));
#779 = LINE('',#780,#781);
#780 = CARTESIAN_POINT('',(49.,-24.6,-5.));
#781 = VECTOR('',#782,1.);
#782 = DIRECTION('',(-0.,1.,0.));
#783 = ORIENTED_EDGE('',*,*,#784,.F.);
#784 = EDGE_CURVE('',#785,#777,#787,.T.);
#785 = VERTEX_POINT('',#786);
#786 = CARTESIAN_POINT('',(15.,14.,-5.));
#787 = LINE('',#788,#789);
#788 = CARTESIAN_POINT('',(-24.6,14.,-5.));
#789 = VECTOR('',#790,1.);
#790 = DIRECTION('',(1.,0.,-0.));
#791 = ORIENTED_EDGE('',*,*,#792,.T.);
#792 = EDGE_CURVE('',#785,#767,#793,.T.);
#793 = LINE('',#794,#795);
#794 = CARTESIAN_POINT('',(15.,-24.6,-5.));
#795 = VECTOR('',#796,1.);
#796 = DIRECTION('',(-0.,1.,0.));
#797 = PLANE('',#798);
#798 = AXIS2_PLACEMENT_3D('',#799,#800,#801);
#799 = CARTESIAN_POINT('',(32.,24.5,-5.));
#800 = DIRECTION('',(0.,0.,1.));
#801 = DIRECTION('',(1.,0.,-0.));
#802 = ADVANCED_FACE('',(#803),#839,.T.);
#803 = FACE_BOUND('',#804,.T.);
#804 = EDGE_LOOP('',(#805,#813,#814,#815,#824,#832));
#805 = ORIENTED_EDGE('',*,*,#806,.F.);
#806 = EDGE_CURVE('',#106,#807,#809,.T.);
#807 = VERTEX_POINT('',#808);
#808 = CARTESIAN_POINT('',(9.,52.6,-2.));
#809 = LINE('',#810,#811);
#810 = CARTESIAN_POINT('',(9.,-24.6,-2.));
#811 = VECTOR('',#812,1.);
#812 = DIRECTION('',(-0.,1.,0.));
#813 = ORIENTED_EDGE('',*,*,#113,.F.);
#814 = ORIENTED_EDGE('',*,*,#758,.T.);
#815 = ORIENTED_EDGE('',*,*,#816,.F.);
#816 = EDGE_CURVE('',#817,#751,#819,.T.);
#817 = VERTEX_POINT('',#818);
#818 = CARTESIAN_POINT('',(9.,53.6,-7.));
#819 = CIRCLE('',#820,2.);
#820 = AXIS2_PLACEMENT_3D('',#821,#822,#823);
#821 = CARTESIAN_POINT('',(9.,51.6,-7.));
#822 = DIRECTION('',(1.,0.,-0.));
#823 = DIRECTION('',(0.,0.,1.));
#824 = ORIENTED_EDGE('',*,*,#825,.F.);
#825 = EDGE_CURVE('',#826,#817,#828,.T.);
#826 = VERTEX_POINT('',#827);
#827 = CARTESIAN_POINT('',(9.,53.6,-1.));
#828 = LINE('',#829,#830);
#829 = CARTESIAN_POINT('',(9.,53.6,-7.));
#830 = VECTOR('',#831,1.);
#831 = DIRECTION('',(-0.,0.,-1.));
#832 = ORIENTED_EDGE('',*,*,#833,.F.);
#833 = EDGE_CURVE('',#807,#826,#834,.T.);
#834 = CIRCLE('',#835,1.);
#835 = AXIS2_PLACEMENT_3D('',#836,#837,#838);
#836 = CARTESIAN_POINT('',(9.,52.6,-1.));
#837 = DIRECTION('',(1.,0.,-0.));
#838 = DIRECTION('',(0.,0.,1.));
#839 = PLANE('',#840);
#840 = AXIS2_PLACEMENT_3D('',#841,#842,#843);
#841 = CARTESIAN_POINT('',(9.,-24.6,-5.));
#842 = DIRECTION('',(1.,0.,-0.));
#843 = DIRECTION('',(0.,0.,1.));
#844 = ADVANCED_FACE('',(#845),#881,.F.);
#845 = FACE_BOUND('',#846,.F.);
#846 = EDGE_LOOP('',(#847,#855,#856,#857,#866,#874));
#847 = ORIENTED_EDGE('',*,*,#848,.F.);
#848 = EDGE_CURVE('',#66,#849,#851,.T.);
#849 = VERTEX_POINT('',#850);
#850 = CARTESIAN_POINT('',(55.,52.6,-2.));
#851 = LINE('',#852,#853);
#852 = CARTESIAN_POINT('',(55.,-24.6,-2.));
#853 = VECTOR('',#854,1.);
#854 = DIRECTION('',(-0.,1.,0.));
#855 = ORIENTED_EDGE('',*,*,#65,.F.);
#856 = ORIENTED_EDGE('',*,*,#719,.T.);
#857 = ORIENTED_EDGE('',*,*,#858,.F.);
#858 = EDGE_CURVE('',#859,#720,#861,.T.);
#859 = VERTEX_POINT('',#860);
#860 = CARTESIAN_POINT('',(55.,53.6,-7.));
#861 = CIRCLE('',#862,2.);
#862 = AXIS2_PLACEMENT_3D('',#863,#864,#865);
#863 = CARTESIAN_POINT('',(55.,51.6,-7.));
#864 = DIRECTION('',(1.,0.,-0.));
#865 = DIRECTION('',(0.,0.,1.));
#866 = ORIENTED_EDGE('',*,*,#867,.T.);
#867 = EDGE_CURVE('',#859,#868,#870,.T.);
#868 = VERTEX_POINT('',#869);
#869 = CARTESIAN_POINT('',(55.,53.6,-1.));
#870 = LINE('',#871,#872);
#871 = CARTESIAN_POINT('',(55.,53.6,-7.));
#872 = VECTOR('',#873,1.);
#873 = DIRECTION('',(0.,-0.,1.));
#874 = ORIENTED_EDGE('',*,*,#875,.F.);
#875 = EDGE_CURVE('',#849,#868,#876,.T.);
#876 = CIRCLE('',#877,1.);
#877 = AXIS2_PLACEMENT_3D('',#878,#879,#880);
#878 = CARTESIAN_POINT('',(55.,52.6,-1.));
#879 = DIRECTION('',(1.,0.,-0.));
#880 = DIRECTION('',(0.,0.,1.));
#881 = PLANE('',#882);
#882 = AXIS2_PLACEMENT_3D('',#883,#884,#885);
#883 = CARTESIAN_POINT('',(55.,-24.6,-5.));
#884 = DIRECTION('',(1.,0.,-0.));
#885 = DIRECTION('',(0.,0.,1.));
#886 = ADVANCED_FACE('',(#887),#905,.F.);
#887 = FACE_BOUND('',#888,.F.);
#888 = EDGE_LOOP('',(#889,#890,#891,#899));
#889 = ORIENTED_EDGE('',*,*,#806,.F.);
#890 = ORIENTED_EDGE('',*,*,#105,.F.);
#891 = ORIENTED_EDGE('',*,*,#892,.T.);
#892 = EDGE_CURVE('',#98,#893,#895,.T.);
#893 = VERTEX_POINT('',#894);
#894 = CARTESIAN_POINT('',(15.,52.6,-2.));
#895 = LINE('',#896,#897);
#896 = CARTESIAN_POINT('',(15.,-24.6,-2.));
#897 = VECTOR('',#898,1.);
#898 = DIRECTION('',(-0.,1.,0.));
#899 = ORIENTED_EDGE('',*,*,#900,.F.);
#900 = EDGE_CURVE('',#807,#893,#901,.T.);
#901 = LINE('',#902,#903);
#902 = CARTESIAN_POINT('',(9.,52.6,-2.));
#903 = VECTOR('',#904,1.);
#904 = DIRECTION('',(1.,0.,-0.));
#905 = PLANE('',#906);
#906 = AXIS2_PLACEMENT_3D('',#907,#908,#909);
#907 = CARTESIAN_POINT('',(9.,-24.6,-2.));
#908 = DIRECTION('',(0.,0.,1.));
#909 = DIRECTION('',(1.,0.,-0.));
#910 = ADVANCED_FACE('',(#911),#929,.F.);
#911 = FACE_BOUND('',#912,.F.);
#912 = EDGE_LOOP('',(#913,#921,#922,#923));
#913 = ORIENTED_EDGE('',*,*,#914,.F.);
#914 = EDGE_CURVE('',#74,#915,#917,.T.);
#915 = VERTEX_POINT('',#916);
#916 = CARTESIAN_POINT('',(49.,52.6,-2.));
#917 = LINE('',#918,#919);
#918 = CARTESIAN_POINT('',(49.,-24.6,-2.));
#919 = VECTOR('',#920,1.);
#920 = DIRECTION('',(-0.,1.,0.));
#921 = ORIENTED_EDGE('',*,*,#73,.F.);
#922 = ORIENTED_EDGE('',*,*,#848,.T.);
#923 = ORIENTED_EDGE('',*,*,#924,.F.);
#924 = EDGE_CURVE('',#915,#849,#925,.T.);
#925 = LINE('',#926,#927);
#926 = CARTESIAN_POINT('',(49.,52.6,-2.));
#927 = VECTOR('',#928,1.);
#928 = DIRECTION('',(1.,0.,-0.));
#929 = PLANE('',#930);
#930 = AXIS2_PLACEMENT_3D('',#931,#932,#933);
#931 = CARTESIAN_POINT('',(49.,-24.6,-2.));
#932 = DIRECTION('',(0.,0.,1.));
#933 = DIRECTION('',(1.,0.,-0.));
#934 = ADVANCED_FACE('',(#935),#964,.F.);
#935 = FACE_BOUND('',#936,.F.);
#936 = EDGE_LOOP('',(#937,#938,#939,#940,#949,#957));
#937 = ORIENTED_EDGE('',*,*,#892,.F.);
#938 = ORIENTED_EDGE('',*,*,#97,.F.);
#939 = ORIENTED_EDGE('',*,*,#742,.T.);
#940 = ORIENTED_EDGE('',*,*,#941,.F.);
#941 = EDGE_CURVE('',#942,#743,#944,.T.);
#942 = VERTEX_POINT('',#943);
#943 = CARTESIAN_POINT('',(15.,53.6,-7.));
#944 = CIRCLE('',#945,2.);
#945 = AXIS2_PLACEMENT_3D('',#946,#947,#948);
#946 = CARTESIAN_POINT('',(15.,51.6,-7.));
#947 = DIRECTION('',(1.,0.,-0.));
#948 = DIRECTION('',(0.,0.,1.));
#949 = ORIENTED_EDGE('',*,*,#950,.T.);
#950 = EDGE_CURVE('',#942,#951,#953,.T.);
#951 = VERTEX_POINT('',#952);
#952 = CARTESIAN_POINT('',(15.,53.6,-1.));
#953 = LINE('',#954,#955);
#954 = CARTESIAN_POINT('',(15.,53.6,-7.));
#955 = VECTOR('',#956,1.);
#956 = DIRECTION('',(0.,-0.,1.));
#957 = ORIENTED_EDGE('',*,*,#958,.F.);
#958 = EDGE_CURVE('',#893,#951,#959,.T.);
#959 = CIRCLE('',#960,1.);
#960 = AXIS2_PLACEMENT_3D('',#961,#962,#963);
#961 = CARTESIAN_POINT('',(15.,52.6,-1.));
#962 = DIRECTION('',(1.,0.,-0.));
#963 = DIRECTION('',(0.,0.,1.));
#964 = PLANE('',#965);
#965 = AXIS2_PLACEMENT_3D('',#966,#967,#968);
#966 = CARTESIAN_POINT('',(15.,-24.6,-5.));
#967 = DIRECTION('',(1.,0.,-0.));
#968 = DIRECTION('',(0.,0.,1.));
#969 = ADVANCED_FACE('',(#970),#999,.T.);
#970 = FACE_BOUND('',#971,.T.);
#971 = EDGE_LOOP('',(#972,#973,#974,#975,#984,#992));
#972 = ORIENTED_EDGE('',*,*,#914,.F.);
#973 = ORIENTED_EDGE('',*,*,#81,.F.);
#974 = ORIENTED_EDGE('',*,*,#735,.T.);
#975 = ORIENTED_EDGE('',*,*,#976,.F.);
#976 = EDGE_CURVE('',#977,#728,#979,.T.);
#977 = VERTEX_POINT('',#978);
#978 = CARTESIAN_POINT('',(49.,53.6,-7.));
#979 = CIRCLE('',#980,2.);
#980 = AXIS2_PLACEMENT_3D('',#981,#982,#983);
#981 = CARTESIAN_POINT('',(49.,51.6,-7.));
#982 = DIRECTION('',(1.,0.,-0.));
#983 = DIRECTION('',(0.,0.,1.));
#984 = ORIENTED_EDGE('',*,*,#985,.F.);
#985 = EDGE_CURVE('',#986,#977,#988,.T.);
#986 = VERTEX_POINT('',#987);
#987 = CARTESIAN_POINT('',(49.,53.6,-1.));
#988 = LINE('',#989,#990);
#989 = CARTESIAN_POINT('',(49.,53.6,-7.));
#990 = VECTOR('',#991,1.);
#991 = DIRECTION('',(-0.,0.,-1.));
#992 = ORIENTED_EDGE('',*,*,#993,.F.);
#993 = EDGE_CURVE('',#915,#986,#994,.T.);
#994 = CIRCLE('',#995,1.);
#995 = AXIS2_PLACEMENT_3D('',#996,#997,#998);
#996 = CARTESIAN_POINT('',(49.,52.6,-1.));
#997 = DIRECTION('',(1.,0.,-0.));
#998 = DIRECTION('',(0.,0.,1.));
#999 = PLANE('',#1000);
#1000 = AXIS2_PLACEMENT_3D('',#1001,#1002,#1003);
#1001 = CARTESIAN_POINT('',(49.,-24.6,-5.));
#1002 = DIRECTION('',(1.,0.,-0.));
#1003 = DIRECTION('',(0.,0.,1.));
#1004 = ADVANCED_FACE('',(#1005),#1061,.T.);
#1005 = FACE_BOUND('',#1006,.T.);
#1006 = EDGE_LOOP('',(#1007,#1008,#1009,#1010,#1011,#1012,#1020,#1028,
    #1034,#1035,#1043,#1051,#1057,#1058,#1059,#1060));
#1007 = ORIENTED_EDGE('',*,*,#170,.T.);
#1008 = ORIENTED_EDGE('',*,*,#219,.F.);
#1009 = ORIENTED_EDGE('',*,*,#389,.T.);
#1010 = ORIENTED_EDGE('',*,*,#565,.T.);
#1011 = ORIENTED_EDGE('',*,*,#711,.F.);
#1012 = ORIENTED_EDGE('',*,*,#1013,.T.);
#1013 = EDGE_CURVE('',#704,#1014,#1016,.T.);
#1014 = VERTEX_POINT('',#1015);
#1015 = CARTESIAN_POINT('',(55.,35.,-2.));
#1016 = LINE('',#1017,#1018);
#1017 = CARTESIAN_POINT('',(55.,35.,-5.));
#1018 = VECTOR('',#1019,1.);
#1019 = DIRECTION('',(0.,0.,1.));
#1020 = ORIENTED_EDGE('',*,*,#1021,.T.);
#1021 = EDGE_CURVE('',#1014,#1022,#1024,.T.);
#1022 = VERTEX_POINT('',#1023);
#1023 = CARTESIAN_POINT('',(49.,35.,-2.));
#1024 = LINE('',#1025,#1026);
#1025 = CARTESIAN_POINT('',(12.2,35.,-2.));
#1026 = VECTOR('',#1027,1.);
#1027 = DIRECTION('',(-1.,-0.,0.));
#1028 = ORIENTED_EDGE('',*,*,#1029,.F.);
#1029 = EDGE_CURVE('',#769,#1022,#1030,.T.);
#1030 = LINE('',#1031,#1032);
#1031 = CARTESIAN_POINT('',(49.,35.,-5.));
#1032 = VECTOR('',#1033,1.);
#1033 = DIRECTION('',(0.,0.,1.));
#1034 = ORIENTED_EDGE('',*,*,#766,.F.);
#1035 = ORIENTED_EDGE('',*,*,#1036,.T.);
#1036 = EDGE_CURVE('',#767,#1037,#1039,.T.);
#1037 = VERTEX_POINT('',#1038);
#1038 = CARTESIAN_POINT('',(15.,35.,-2.));
#1039 = LINE('',#1040,#1041);
#1040 = CARTESIAN_POINT('',(15.,35.,-5.));
#1041 = VECTOR('',#1042,1.);
#1042 = DIRECTION('',(0.,0.,1.));
#1043 = ORIENTED_EDGE('',*,*,#1044,.T.);
#1044 = EDGE_CURVE('',#1037,#1045,#1047,.T.);
#1045 = VERTEX_POINT('',#1046);
#1046 = CARTESIAN_POINT('',(9.,35.,-2.));
#1047 = LINE('',#1048,#1049);
#1048 = CARTESIAN_POINT('',(-7.8,35.,-2.));
#1049 = VECTOR('',#1050,1.);
#1050 = DIRECTION('',(-1.,-0.,0.));
#1051 = ORIENTED_EDGE('',*,*,#1052,.F.);
#1052 = EDGE_CURVE('',#584,#1045,#1053,.T.);
#1053 = LINE('',#1054,#1055);
#1054 = CARTESIAN_POINT('',(9.,35.,-5.));
#1055 = VECTOR('',#1056,1.);
#1056 = DIRECTION('',(0.,0.,1.));
#1057 = ORIENTED_EDGE('',*,*,#583,.F.);
#1058 = ORIENTED_EDGE('',*,*,#540,.F.);
#1059 = ORIENTED_EDGE('',*,*,#285,.T.);
#1060 = ORIENTED_EDGE('',*,*,#201,.F.);
#1061 = PLANE('',#1062);
#1062 = AXIS2_PLACEMENT_3D('',#1063,#1064,#1065);
#1063 = CARTESIAN_POINT('',(-24.6,35.,-5.));
#1064 = DIRECTION('',(-0.,1.,0.));
#1065 = DIRECTION('',(0.,0.,1.));
#1066 = ADVANCED_FACE('',(#1067,#1273,#1284,#1295,#1306,#1376),#1387,.T.
  );
#1067 = FACE_BOUND('',#1068,.T.);
#1068 = EDGE_LOOP('',(#1069,#1070,#1079,#1087,#1096,#1104,#1113,#1121,
    #1130,#1138,#1147,#1156,#1164,#1171,#1172,#1181,#1189,#1198,#1207,
    #1215,#1224,#1232,#1241,#1249,#1258,#1266));
#1069 = ORIENTED_EDGE('',*,*,#242,.F.);
#1070 = ORIENTED_EDGE('',*,*,#1071,.T.);
#1071 = EDGE_CURVE('',#243,#1072,#1074,.T.);
#1072 = VERTEX_POINT('',#1073);
#1073 = CARTESIAN_POINT('',(-4.5,0.855447685775,29.));
#1074 = CIRCLE('',#1075,6.6);
#1075 = AXIS2_PLACEMENT_3D('',#1076,#1077,#1078);
#1076 = CARTESIAN_POINT('',(2.,2.,29.));
#1077 = DIRECTION('',(0.,0.,1.));
#1078 = DIRECTION('',(0.,-1.,0.));
#1079 = ORIENTED_EDGE('',*,*,#1080,.F.);
#1080 = EDGE_CURVE('',#1081,#1072,#1083,.T.);
#1081 = VERTEX_POINT('',#1082);
#1082 = CARTESIAN_POINT('',(-4.5,0.5,29.));
#1083 = LINE('',#1084,#1085);
#1084 = CARTESIAN_POINT('',(-4.5,-4.5,29.));
#1085 = VECTOR('',#1086,1.);
#1086 = DIRECTION('',(-0.,1.,0.));
#1087 = ORIENTED_EDGE('',*,*,#1088,.T.);
#1088 = EDGE_CURVE('',#1081,#1089,#1091,.T.);
#1089 = VERTEX_POINT('',#1090);
#1090 = CARTESIAN_POINT('',(0.5,-4.5,29.));
#1091 = CIRCLE('',#1092,5.);
#1092 = AXIS2_PLACEMENT_3D('',#1093,#1094,#1095);
#1093 = CARTESIAN_POINT('',(-4.5,-4.5,29.));
#1094 = DIRECTION('',(0.,0.,1.));
#1095 = DIRECTION('',(1.,0.,-0.));
#1096 = ORIENTED_EDGE('',*,*,#1097,.T.);
#1097 = EDGE_CURVE('',#1089,#1098,#1100,.T.);
#1098 = VERTEX_POINT('',#1099);
#1099 = CARTESIAN_POINT('',(0.855447685775,-4.5,29.));
#1100 = LINE('',#1101,#1102);
#1101 = CARTESIAN_POINT('',(-4.5,-4.5,29.));
#1102 = VECTOR('',#1103,1.);
#1103 = DIRECTION('',(1.,0.,-0.));
#1104 = ORIENTED_EDGE('',*,*,#1105,.T.);
#1105 = EDGE_CURVE('',#1098,#1106,#1108,.T.);
#1106 = VERTEX_POINT('',#1107);
#1107 = CARTESIAN_POINT('',(2.,-4.6,29.));
#1108 = CIRCLE('',#1109,6.6);
#1109 = AXIS2_PLACEMENT_3D('',#1110,#1111,#1112);
#1110 = CARTESIAN_POINT('',(2.,2.,29.));
#1111 = DIRECTION('',(0.,0.,1.));
#1112 = DIRECTION('',(0.,-1.,0.));
#1113 = ORIENTED_EDGE('',*,*,#1114,.T.);
#1114 = EDGE_CURVE('',#1106,#1115,#1117,.T.);
#1115 = VERTEX_POINT('',#1116);
#1116 = CARTESIAN_POINT('',(62.,-4.6,29.));
#1117 = LINE('',#1118,#1119);
#1118 = CARTESIAN_POINT('',(-4.6,-4.6,29.));
#1119 = VECTOR('',#1120,1.);
#1120 = DIRECTION('',(1.,0.,-0.));
#1121 = ORIENTED_EDGE('',*,*,#1122,.F.);
#1122 = EDGE_CURVE('',#1123,#1115,#1125,.T.);
#1123 = VERTEX_POINT('',#1124);
#1124 = CARTESIAN_POINT('',(63.144552314225,-4.5,29.));
#1125 = CIRCLE('',#1126,6.6);
#1126 = AXIS2_PLACEMENT_3D('',#1127,#1128,#1129);
#1127 = CARTESIAN_POINT('',(62.,2.,29.));
#1128 = DIRECTION('',(-0.,-0.,-1.));
#1129 = DIRECTION('',(0.,-1.,0.));
#1130 = ORIENTED_EDGE('',*,*,#1131,.T.);
#1131 = EDGE_CURVE('',#1123,#1132,#1134,.T.);
#1132 = VERTEX_POINT('',#1133);
#1133 = CARTESIAN_POINT('',(63.5,-4.5,29.));
#1134 = LINE('',#1135,#1136);
#1135 = CARTESIAN_POINT('',(63.,-4.5,29.));
#1136 = VECTOR('',#1137,1.);
#1137 = DIRECTION('',(1.,0.,-0.));
#1138 = ORIENTED_EDGE('',*,*,#1139,.T.);
#1139 = EDGE_CURVE('',#1132,#1140,#1142,.T.);
#1140 = VERTEX_POINT('',#1141);
#1141 = CARTESIAN_POINT('',(73.5,-4.5,29.));
#1142 = CIRCLE('',#1143,5.);
#1143 = AXIS2_PLACEMENT_3D('',#1144,#1145,#1146);
#1144 = CARTESIAN_POINT('',(68.5,-4.5,29.));
#1145 = DIRECTION('',(0.,0.,1.));
#1146 = DIRECTION('',(1.,0.,-0.));
#1147 = ORIENTED_EDGE('',*,*,#1148,.T.);
#1148 = EDGE_CURVE('',#1140,#1149,#1151,.T.);
#1149 = VERTEX_POINT('',#1150);
#1150 = CARTESIAN_POINT('',(68.5,0.5,29.));
#1151 = CIRCLE('',#1152,5.);
#1152 = AXIS2_PLACEMENT_3D('',#1153,#1154,#1155);
#1153 = CARTESIAN_POINT('',(68.5,-4.5,29.));
#1154 = DIRECTION('',(0.,0.,1.));
#1155 = DIRECTION('',(1.,0.,-0.));
#1156 = ORIENTED_EDGE('',*,*,#1157,.T.);
#1157 = EDGE_CURVE('',#1149,#1158,#1160,.T.);
#1158 = VERTEX_POINT('',#1159);
#1159 = CARTESIAN_POINT('',(68.5,0.855447685774,29.));
#1160 = LINE('',#1161,#1162);
#1161 = CARTESIAN_POINT('',(68.5,-4.5,29.));
#1162 = VECTOR('',#1163,1.);
#1163 = DIRECTION('',(-0.,1.,0.));
#1164 = ORIENTED_EDGE('',*,*,#1165,.F.);
#1165 = EDGE_CURVE('',#398,#1158,#1166,.T.);
#1166 = CIRCLE('',#1167,6.6);
#1167 = AXIS2_PLACEMENT_3D('',#1168,#1169,#1170);
#1168 = CARTESIAN_POINT('',(62.,2.,29.));
#1169 = DIRECTION('',(-0.,-0.,-1.));
#1170 = DIRECTION('',(0.,-1.,0.));
#1171 = ORIENTED_EDGE('',*,*,#397,.T.);
#1172 = ORIENTED_EDGE('',*,*,#1173,.T.);
#1173 = EDGE_CURVE('',#400,#1174,#1176,.T.);
#1174 = VERTEX_POINT('',#1175);
#1175 = CARTESIAN_POINT('',(68.5,48.144552314225,29.));
#1176 = CIRCLE('',#1177,6.6);
#1177 = AXIS2_PLACEMENT_3D('',#1178,#1179,#1180);
#1178 = CARTESIAN_POINT('',(62.,47.,29.));
#1179 = DIRECTION('',(0.,0.,1.));
#1180 = DIRECTION('',(0.,-1.,0.));
#1181 = ORIENTED_EDGE('',*,*,#1182,.T.);
#1182 = EDGE_CURVE('',#1174,#1183,#1185,.T.);
#1183 = VERTEX_POINT('',#1184);
#1184 = CARTESIAN_POINT('',(68.5,48.5,29.));
#1185 = LINE('',#1186,#1187);
#1186 = CARTESIAN_POINT('',(68.5,48.,29.));
#1187 = VECTOR('',#1188,1.);
#1188 = DIRECTION('',(-0.,1.,0.));
#1189 = ORIENTED_EDGE('',*,*,#1190,.T.);
#1190 = EDGE_CURVE('',#1183,#1191,#1193,.T.);
#1191 = VERTEX_POINT('',#1192);
#1192 = CARTESIAN_POINT('',(73.5,53.5,29.));
#1193 = CIRCLE('',#1194,5.);
#1194 = AXIS2_PLACEMENT_3D('',#1195,#1196,#1197);
#1195 = CARTESIAN_POINT('',(68.5,53.5,29.));
#1196 = DIRECTION('',(0.,0.,1.));
#1197 = DIRECTION('',(1.,0.,-0.));
#1198 = ORIENTED_EDGE('',*,*,#1199,.T.);
#1199 = EDGE_CURVE('',#1191,#1200,#1202,.T.);
#1200 = VERTEX_POINT('',#1201);
#1201 = CARTESIAN_POINT('',(63.5,53.5,29.));
#1202 = CIRCLE('',#1203,5.);
#1203 = AXIS2_PLACEMENT_3D('',#1204,#1205,#1206);
#1204 = CARTESIAN_POINT('',(68.5,53.5,29.));
#1205 = DIRECTION('',(0.,0.,1.));
#1206 = DIRECTION('',(1.,0.,-0.));
#1207 = ORIENTED_EDGE('',*,*,#1208,.F.);
#1208 = EDGE_CURVE('',#1209,#1200,#1211,.T.);
#1209 = VERTEX_POINT('',#1210);
#1210 = CARTESIAN_POINT('',(63.144552314225,53.5,29.));
#1211 = LINE('',#1212,#1213);
#1212 = CARTESIAN_POINT('',(63.,53.5,29.));
#1213 = VECTOR('',#1214,1.);
#1214 = DIRECTION('',(1.,0.,-0.));
#1215 = ORIENTED_EDGE('',*,*,#1216,.T.);
#1216 = EDGE_CURVE('',#1209,#1217,#1219,.T.);
#1217 = VERTEX_POINT('',#1218);
#1218 = CARTESIAN_POINT('',(62.,53.6,29.));
#1219 = CIRCLE('',#1220,6.6);
#1220 = AXIS2_PLACEMENT_3D('',#1221,#1222,#1223);
#1221 = CARTESIAN_POINT('',(62.,47.,29.));
#1222 = DIRECTION('',(0.,0.,1.));
#1223 = DIRECTION('',(0.,-1.,0.));
#1224 = ORIENTED_EDGE('',*,*,#1225,.F.);
#1225 = EDGE_CURVE('',#1226,#1217,#1228,.T.);
#1226 = VERTEX_POINT('',#1227);
#1227 = CARTESIAN_POINT('',(2.,53.6,29.));
#1228 = LINE('',#1229,#1230);
#1229 = CARTESIAN_POINT('',(-4.6,53.6,29.));
#1230 = VECTOR('',#1231,1.);
#1231 = DIRECTION('',(1.,0.,-0.));
#1232 = ORIENTED_EDGE('',*,*,#1233,.F.);
#1233 = EDGE_CURVE('',#1234,#1226,#1236,.T.);
#1234 = VERTEX_POINT('',#1235);
#1235 = CARTESIAN_POINT('',(0.855447685775,53.5,29.));
#1236 = CIRCLE('',#1237,6.6);
#1237 = AXIS2_PLACEMENT_3D('',#1238,#1239,#1240);
#1238 = CARTESIAN_POINT('',(2.,47.,29.));
#1239 = DIRECTION('',(-0.,-0.,-1.));
#1240 = DIRECTION('',(0.,-1.,0.));
#1241 = ORIENTED_EDGE('',*,*,#1242,.F.);
#1242 = EDGE_CURVE('',#1243,#1234,#1245,.T.);
#1243 = VERTEX_POINT('',#1244);
#1244 = CARTESIAN_POINT('',(0.5,53.5,29.));
#1245 = LINE('',#1246,#1247);
#1246 = CARTESIAN_POINT('',(-4.5,53.5,29.));
#1247 = VECTOR('',#1248,1.);
#1248 = DIRECTION('',(1.,0.,-0.));
#1249 = ORIENTED_EDGE('',*,*,#1250,.T.);
#1250 = EDGE_CURVE('',#1243,#1251,#1253,.T.);
#1251 = VERTEX_POINT('',#1252);
#1252 = CARTESIAN_POINT('',(-4.5,48.5,29.));
#1253 = CIRCLE('',#1254,5.);
#1254 = AXIS2_PLACEMENT_3D('',#1255,#1256,#1257);
#1255 = CARTESIAN_POINT('',(-4.5,53.5,29.));
#1256 = DIRECTION('',(0.,0.,1.));
#1257 = DIRECTION('',(1.,0.,-0.));
#1258 = ORIENTED_EDGE('',*,*,#1259,.F.);
#1259 = EDGE_CURVE('',#1260,#1251,#1262,.T.);
#1260 = VERTEX_POINT('',#1261);
#1261 = CARTESIAN_POINT('',(-4.5,48.144552314225,29.));
#1262 = LINE('',#1263,#1264);
#1263 = CARTESIAN_POINT('',(-4.5,48.,29.));
#1264 = VECTOR('',#1265,1.);
#1265 = DIRECTION('',(-0.,1.,0.));
#1266 = ORIENTED_EDGE('',*,*,#1267,.F.);
#1267 = EDGE_CURVE('',#245,#1260,#1268,.T.);
#1268 = CIRCLE('',#1269,6.6);
#1269 = AXIS2_PLACEMENT_3D('',#1270,#1271,#1272);
#1270 = CARTESIAN_POINT('',(2.,47.,29.));
#1271 = DIRECTION('',(-0.,-0.,-1.));
#1272 = DIRECTION('',(0.,-1.,0.));
#1273 = FACE_BOUND('',#1274,.T.);
#1274 = EDGE_LOOP('',(#1275));
#1275 = ORIENTED_EDGE('',*,*,#1276,.F.);
#1276 = EDGE_CURVE('',#1277,#1277,#1279,.T.);
#1277 = VERTEX_POINT('',#1278);
#1278 = CARTESIAN_POINT('',(-2.5,-4.5,29.));
#1279 = CIRCLE('',#1280,2.);
#1280 = AXIS2_PLACEMENT_3D('',#1281,#1282,#1283);
#1281 = CARTESIAN_POINT('',(-4.5,-4.5,29.));
#1282 = DIRECTION('',(0.,0.,1.));
#1283 = DIRECTION('',(1.,0.,-0.));
#1284 = FACE_BOUND('',#1285,.T.);
#1285 = EDGE_LOOP('',(#1286));
#1286 = ORIENTED_EDGE('',*,*,#1287,.F.);
#1287 = EDGE_CURVE('',#1288,#1288,#1290,.T.);
#1288 = VERTEX_POINT('',#1289);
#1289 = CARTESIAN_POINT('',(70.5,-4.5,29.));
#1290 = CIRCLE('',#1291,2.);
#1291 = AXIS2_PLACEMENT_3D('',#1292,#1293,#1294);
#1292 = CARTESIAN_POINT('',(68.5,-4.5,29.));
#1293 = DIRECTION('',(0.,0.,1.));
#1294 = DIRECTION('',(1.,0.,-0.));
#1295 = FACE_BOUND('',#1296,.T.);
#1296 = EDGE_LOOP('',(#1297));
#1297 = ORIENTED_EDGE('',*,*,#1298,.F.);
#1298 = EDGE_CURVE('',#1299,#1299,#1301,.T.);
#1299 = VERTEX_POINT('',#1300);
#1300 = CARTESIAN_POINT('',(-2.5,53.5,29.));
#1301 = CIRCLE('',#1302,2.);
#1302 = AXIS2_PLACEMENT_3D('',#1303,#1304,#1305);
#1303 = CARTESIAN_POINT('',(-4.5,53.5,29.));
#1304 = DIRECTION('',(0.,0.,1.));
#1305 = DIRECTION('',(1.,0.,-0.));
#1306 = FACE_BOUND('',#1307,.T.);
#1307 = EDGE_LOOP('',(#1308,#1319,#1327,#1336,#1344,#1353,#1361,#1370));
#1308 = ORIENTED_EDGE('',*,*,#1309,.F.);
#1309 = EDGE_CURVE('',#1310,#1312,#1314,.T.);
#1310 = VERTEX_POINT('',#1311);
#1311 = CARTESIAN_POINT('',(-3.5,2.,29.));
#1312 = VERTEX_POINT('',#1313);
#1313 = CARTESIAN_POINT('',(2.,-3.5,29.));
#1314 = CIRCLE('',#1315,5.5);
#1315 = AXIS2_PLACEMENT_3D('',#1316,#1317,#1318);
#1316 = CARTESIAN_POINT('',(2.,2.,29.));
#1317 = DIRECTION('',(0.,0.,1.));
#1318 = DIRECTION('',(-1.,-0.,0.));
#1319 = ORIENTED_EDGE('',*,*,#1320,.T.);
#1320 = EDGE_CURVE('',#1310,#1321,#1323,.T.);
#1321 = VERTEX_POINT('',#1322);
#1322 = CARTESIAN_POINT('',(-3.5,47.,29.));
#1323 = LINE('',#1324,#1325);
#1324 = CARTESIAN_POINT('',(-3.5,10.5,29.));
#1325 = VECTOR('',#1326,1.);
#1326 = DIRECTION('',(-0.,1.,0.));
#1327 = ORIENTED_EDGE('',*,*,#1328,.F.);
#1328 = EDGE_CURVE('',#1329,#1321,#1331,.T.);
#1329 = VERTEX_POINT('',#1330);
#1330 = CARTESIAN_POINT('',(2.,52.5,29.));
#1331 = CIRCLE('',#1332,5.5);
#1332 = AXIS2_PLACEMENT_3D('',#1333,#1334,#1335);
#1333 = CARTESIAN_POINT('',(2.,47.,29.));
#1334 = DIRECTION('',(0.,0.,1.));
#1335 = DIRECTION('',(-1.,-0.,0.));
#1336 = ORIENTED_EDGE('',*,*,#1337,.F.);
#1337 = EDGE_CURVE('',#1338,#1329,#1340,.T.);
#1338 = VERTEX_POINT('',#1339);
#1339 = CARTESIAN_POINT('',(62.,52.5,29.));
#1340 = LINE('',#1341,#1342);
#1341 = CARTESIAN_POINT('',(14.453533051526,52.5,29.));
#1342 = VECTOR('',#1343,1.);
#1343 = DIRECTION('',(-1.,-0.,0.));
#1344 = ORIENTED_EDGE('',*,*,#1345,.F.);
#1345 = EDGE_CURVE('',#1346,#1338,#1348,.T.);
#1346 = VERTEX_POINT('',#1347);
#1347 = CARTESIAN_POINT('',(67.5,47.,29.));
#1348 = CIRCLE('',#1349,5.5);
#1349 = AXIS2_PLACEMENT_3D('',#1350,#1351,#1352);
#1350 = CARTESIAN_POINT('',(62.,47.,29.));
#1351 = DIRECTION('',(0.,0.,1.));
#1352 = DIRECTION('',(1.,0.,-0.));
#1353 = ORIENTED_EDGE('',*,*,#1354,.F.);
#1354 = EDGE_CURVE('',#1355,#1346,#1357,.T.);
#1355 = VERTEX_POINT('',#1356);
#1356 = CARTESIAN_POINT('',(67.5,2.,29.));
#1357 = LINE('',#1358,#1359);
#1358 = CARTESIAN_POINT('',(67.5,10.5,29.));
#1359 = VECTOR('',#1360,1.);
#1360 = DIRECTION('',(-0.,1.,0.));
#1361 = ORIENTED_EDGE('',*,*,#1362,.F.);
#1362 = EDGE_CURVE('',#1363,#1355,#1365,.T.);
#1363 = VERTEX_POINT('',#1364);
#1364 = CARTESIAN_POINT('',(62.,-3.5,29.));
#1365 = CIRCLE('',#1366,5.5);
#1366 = AXIS2_PLACEMENT_3D('',#1367,#1368,#1369);
#1367 = CARTESIAN_POINT('',(62.,2.,29.));
#1368 = DIRECTION('',(0.,0.,1.));
#1369 = DIRECTION('',(1.,0.,-0.));
#1370 = ORIENTED_EDGE('',*,*,#1371,.T.);
#1371 = EDGE_CURVE('',#1363,#1312,#1372,.T.);
#1372 = LINE('',#1373,#1374);
#1373 = CARTESIAN_POINT('',(14.453533051526,-3.5,29.));
#1374 = VECTOR('',#1375,1.);
#1375 = DIRECTION('',(-1.,-0.,0.));
#1376 = FACE_BOUND('',#1377,.T.);
#1377 = EDGE_LOOP('',(#1378));
#1378 = ORIENTED_EDGE('',*,*,#1379,.F.);
#1379 = EDGE_CURVE('',#1380,#1380,#1382,.T.);
#1380 = VERTEX_POINT('',#1381);
#1381 = CARTESIAN_POINT('',(70.5,53.5,29.));
#1382 = CIRCLE('',#1383,2.);
#1383 = AXIS2_PLACEMENT_3D('',#1384,#1385,#1386);
#1384 = CARTESIAN_POINT('',(68.5,53.5,29.));
#1385 = DIRECTION('',(0.,0.,1.));
#1386 = DIRECTION('',(1.,0.,-0.));
#1387 = PLANE('',#1388);
#1388 = AXIS2_PLACEMENT_3D('',#1389,#1390,#1391);
#1389 = CARTESIAN_POINT('',(32.407066103051,24.5,29.));
#1390 = DIRECTION('',(0.,0.,1.));
#1391 = DIRECTION('',(1.,0.,-0.));
#1392 = ADVANCED_FACE('',(#1393),#1421,.T.);
#1393 = FACE_BOUND('',#1394,.T.);
#1394 = EDGE_LOOP('',(#1395,#1396,#1405,#1414,#1420));
#1395 = ORIENTED_EDGE('',*,*,#252,.F.);
#1396 = ORIENTED_EDGE('',*,*,#1397,.T.);
#1397 = EDGE_CURVE('',#253,#1398,#1400,.T.);
#1398 = VERTEX_POINT('',#1399);
#1399 = CARTESIAN_POINT('',(-4.572670690062,1.4,-9.));
#1400 = CIRCLE('',#1401,6.6);
#1401 = AXIS2_PLACEMENT_3D('',#1402,#1403,#1404);
#1402 = CARTESIAN_POINT('',(2.,2.,-9.));
#1403 = DIRECTION('',(0.,0.,1.));
#1404 = DIRECTION('',(0.,-1.,0.));
#1405 = ORIENTED_EDGE('',*,*,#1406,.T.);
#1406 = EDGE_CURVE('',#1398,#1407,#1409,.T.);
#1407 = VERTEX_POINT('',#1408);
#1408 = CARTESIAN_POINT('',(-4.5,0.855447685775,-9.));
#1409 = CIRCLE('',#1410,6.6);
#1410 = AXIS2_PLACEMENT_3D('',#1411,#1412,#1413);
#1411 = CARTESIAN_POINT('',(2.,2.,-9.));
#1412 = DIRECTION('',(0.,0.,1.));
#1413 = DIRECTION('',(0.,-1.,0.));
#1414 = ORIENTED_EDGE('',*,*,#1415,.T.);
#1415 = EDGE_CURVE('',#1407,#1072,#1416,.T.);
#1416 = LINE('',#1417,#1418);
#1417 = CARTESIAN_POINT('',(-4.5,0.855447685774,-9.));
#1418 = VECTOR('',#1419,1.);
#1419 = DIRECTION('',(0.,0.,1.));
#1420 = ORIENTED_EDGE('',*,*,#1071,.F.);
#1421 = CYLINDRICAL_SURFACE('',#1422,6.6);
#1422 = AXIS2_PLACEMENT_3D('',#1423,#1424,#1425);
#1423 = CARTESIAN_POINT('',(2.,2.,-9.));
#1424 = DIRECTION('',(0.,0.,1.));
#1425 = DIRECTION('',(-1.,-0.,0.));
#1426 = ADVANCED_FACE('',(#1427),#1455,.T.);
#1427 = FACE_BOUND('',#1428,.F.);
#1428 = EDGE_LOOP('',(#1429,#1430,#1439,#1448,#1454));
#1429 = ORIENTED_EDGE('',*,*,#268,.F.);
#1430 = ORIENTED_EDGE('',*,*,#1431,.T.);
#1431 = EDGE_CURVE('',#261,#1432,#1434,.T.);
#1432 = VERTEX_POINT('',#1433);
#1433 = CARTESIAN_POINT('',(-4.572670690062,47.6,-9.));
#1434 = CIRCLE('',#1435,6.6);
#1435 = AXIS2_PLACEMENT_3D('',#1436,#1437,#1438);
#1436 = CARTESIAN_POINT('',(2.,47.,-9.));
#1437 = DIRECTION('',(-0.,-0.,-1.));
#1438 = DIRECTION('',(0.,-1.,0.));
#1439 = ORIENTED_EDGE('',*,*,#1440,.T.);
#1440 = EDGE_CURVE('',#1432,#1441,#1443,.T.);
#1441 = VERTEX_POINT('',#1442);
#1442 = CARTESIAN_POINT('',(-4.5,48.144552314225,-9.));
#1443 = CIRCLE('',#1444,6.6);
#1444 = AXIS2_PLACEMENT_3D('',#1445,#1446,#1447);
#1445 = CARTESIAN_POINT('',(2.,47.,-9.));
#1446 = DIRECTION('',(-0.,-0.,-1.));
#1447 = DIRECTION('',(0.,-1.,0.));
#1448 = ORIENTED_EDGE('',*,*,#1449,.T.);
#1449 = EDGE_CURVE('',#1441,#1260,#1450,.T.);
#1450 = LINE('',#1451,#1452);
#1451 = CARTESIAN_POINT('',(-4.5,48.144552314226,-9.));
#1452 = VECTOR('',#1453,1.);
#1453 = DIRECTION('',(0.,0.,1.));
#1454 = ORIENTED_EDGE('',*,*,#1267,.F.);
#1455 = CYLINDRICAL_SURFACE('',#1456,6.6);
#1456 = AXIS2_PLACEMENT_3D('',#1457,#1458,#1459);
#1457 = CARTESIAN_POINT('',(2.,47.,-9.));
#1458 = DIRECTION('',(0.,0.,1.));
#1459 = DIRECTION('',(-1.,-0.,0.));
#1460 = ADVANCED_FACE('',(#1461),#1497,.T.);
#1461 = FACE_BOUND('',#1462,.T.);
#1462 = EDGE_LOOP('',(#1463,#1464,#1465,#1466,#1474,#1481,#1482,#1491));
#1463 = ORIENTED_EDGE('',*,*,#1397,.F.);
#1464 = ORIENTED_EDGE('',*,*,#260,.T.);
#1465 = ORIENTED_EDGE('',*,*,#1431,.T.);
#1466 = ORIENTED_EDGE('',*,*,#1467,.T.);
#1467 = EDGE_CURVE('',#1432,#1468,#1470,.T.);
#1468 = VERTEX_POINT('',#1469);
#1469 = CARTESIAN_POINT('',(68.572670690062,47.6,-9.));
#1470 = LINE('',#1471,#1472);
#1471 = CARTESIAN_POINT('',(-4.6,47.6,-9.));
#1472 = VECTOR('',#1473,1.);
#1473 = DIRECTION('',(1.,0.,-0.));
#1474 = ORIENTED_EDGE('',*,*,#1475,.F.);
#1475 = EDGE_CURVE('',#416,#1468,#1476,.T.);
#1476 = CIRCLE('',#1477,6.6);
#1477 = AXIS2_PLACEMENT_3D('',#1478,#1479,#1480);
#1478 = CARTESIAN_POINT('',(62.,47.,-9.));
#1479 = DIRECTION('',(0.,0.,1.));
#1480 = DIRECTION('',(0.,-1.,0.));
#1481 = ORIENTED_EDGE('',*,*,#415,.F.);
#1482 = ORIENTED_EDGE('',*,*,#1483,.T.);
#1483 = EDGE_CURVE('',#408,#1484,#1486,.T.);
#1484 = VERTEX_POINT('',#1485);
#1485 = CARTESIAN_POINT('',(68.572670690062,1.4,-9.));
#1486 = CIRCLE('',#1487,6.6);
#1487 = AXIS2_PLACEMENT_3D('',#1488,#1489,#1490);
#1488 = CARTESIAN_POINT('',(62.,2.,-9.));
#1489 = DIRECTION('',(-0.,-0.,-1.));
#1490 = DIRECTION('',(0.,-1.,0.));
#1491 = ORIENTED_EDGE('',*,*,#1492,.F.);
#1492 = EDGE_CURVE('',#1398,#1484,#1493,.T.);
#1493 = LINE('',#1494,#1495);
#1494 = CARTESIAN_POINT('',(-4.6,1.4,-9.));
#1495 = VECTOR('',#1496,1.);
#1496 = DIRECTION('',(1.,0.,-0.));
#1497 = PLANE('',#1498);
#1498 = AXIS2_PLACEMENT_3D('',#1499,#1500,#1501);
#1499 = CARTESIAN_POINT('',(32.407066103051,24.5,-9.));
#1500 = DIRECTION('',(-0.,-0.,-1.));
#1501 = DIRECTION('',(-1.,0.,0.));
#1502 = ADVANCED_FACE('',(#1503),#1522,.F.);
#1503 = FACE_BOUND('',#1504,.F.);
#1504 = EDGE_LOOP('',(#1505,#1514,#1520,#1521));
#1505 = ORIENTED_EDGE('',*,*,#1506,.F.);
#1506 = EDGE_CURVE('',#1507,#1507,#1509,.T.);
#1507 = VERTEX_POINT('',#1508);
#1508 = CARTESIAN_POINT('',(0.,31.5,12.45));
#1509 = CIRCLE('',#1510,3.45);
#1510 = AXIS2_PLACEMENT_3D('',#1511,#1512,#1513);
#1511 = CARTESIAN_POINT('',(0.,31.5,9.));
#1512 = DIRECTION('',(1.,0.,0.));
#1513 = DIRECTION('',(-0.,0.,1.));
#1514 = ORIENTED_EDGE('',*,*,#1515,.F.);
#1515 = EDGE_CURVE('',#295,#1507,#1516,.T.);
#1516 = LINE('',#1517,#1518);
#1517 = CARTESIAN_POINT('',(-5.6,31.5,12.45));
#1518 = VECTOR('',#1519,1.);
#1519 = DIRECTION('',(1.,0.,0.));
#1520 = ORIENTED_EDGE('',*,*,#294,.T.);
#1521 = ORIENTED_EDGE('',*,*,#1515,.T.);
#1522 = CYLINDRICAL_SURFACE('',#1523,3.45);
#1523 = AXIS2_PLACEMENT_3D('',#1524,#1525,#1526);
#1524 = CARTESIAN_POINT('',(-5.6,31.5,9.));
#1525 = DIRECTION('',(1.,0.,0.));
#1526 = DIRECTION('',(-0.,0.,1.));
#1527 = ADVANCED_FACE('',(#1528),#1555,.T.);
#1528 = FACE_BOUND('',#1529,.T.);
#1529 = EDGE_LOOP('',(#1530,#1539,#1547,#1554));
#1530 = ORIENTED_EDGE('',*,*,#1531,.T.);
#1531 = EDGE_CURVE('',#306,#1532,#1534,.T.);
#1532 = VERTEX_POINT('',#1533);
#1533 = CARTESIAN_POINT('',(-3.6,14.,-1.5));
#1534 = CIRCLE('',#1535,1.);
#1535 = AXIS2_PLACEMENT_3D('',#1536,#1537,#1538);
#1536 = CARTESIAN_POINT('',(-3.6,14.,-0.5));
#1537 = DIRECTION('',(0.,-1.,0.));
#1538 = DIRECTION('',(0.,-0.,-1.));
#1539 = ORIENTED_EDGE('',*,*,#1540,.T.);
#1540 = EDGE_CURVE('',#1532,#1541,#1543,.T.);
#1541 = VERTEX_POINT('',#1542);
#1542 = CARTESIAN_POINT('',(-3.6,6.,-1.5));
#1543 = LINE('',#1544,#1545);
#1544 = CARTESIAN_POINT('',(-3.6,14.,-1.5));
#1545 = VECTOR('',#1546,1.);
#1546 = DIRECTION('',(0.,-1.,0.));
#1547 = ORIENTED_EDGE('',*,*,#1548,.F.);
#1548 = EDGE_CURVE('',#308,#1541,#1549,.T.);
#1549 = CIRCLE('',#1550,1.);
#1550 = AXIS2_PLACEMENT_3D('',#1551,#1552,#1553);
#1551 = CARTESIAN_POINT('',(-3.6,6.,-0.5));
#1552 = DIRECTION('',(0.,-1.,0.));
#1553 = DIRECTION('',(0.,-0.,-1.));
#1554 = ORIENTED_EDGE('',*,*,#305,.F.);
#1555 = CYLINDRICAL_SURFACE('',#1556,1.);
#1556 = AXIS2_PLACEMENT_3D('',#1557,#1558,#1559);
#1557 = CARTESIAN_POINT('',(-3.6,14.,-0.5));
#1558 = DIRECTION('',(0.,-1.,0.));
#1559 = DIRECTION('',(-1.,0.,0.));
#1560 = ADVANCED_FACE('',(#1561),#1642,.F.);
#1561 = FACE_BOUND('',#1562,.F.);
#1562 = EDGE_LOOP('',(#1563,#1571,#1578,#1579,#1586,#1587,#1595,#1603,
    #1609,#1610,#1618,#1626,#1632,#1633,#1640,#1641));
#1563 = ORIENTED_EDGE('',*,*,#1564,.T.);
#1564 = EDGE_CURVE('',#1532,#1565,#1567,.T.);
#1565 = VERTEX_POINT('',#1566);
#1566 = CARTESIAN_POINT('',(67.6,14.,-1.5));
#1567 = LINE('',#1568,#1569);
#1568 = CARTESIAN_POINT('',(-24.6,14.,-1.5));
#1569 = VECTOR('',#1570,1.);
#1570 = DIRECTION('',(1.,0.,-0.));
#1571 = ORIENTED_EDGE('',*,*,#1572,.F.);
#1572 = EDGE_CURVE('',#494,#1565,#1573,.T.);
#1573 = CIRCLE('',#1574,1.);
#1574 = AXIS2_PLACEMENT_3D('',#1575,#1576,#1577);
#1575 = CARTESIAN_POINT('',(67.6,14.,-0.5));
#1576 = DIRECTION('',(-0.,1.,0.));
#1577 = DIRECTION('',(0.,0.,-1.));
#1578 = ORIENTED_EDGE('',*,*,#491,.F.);
#1579 = ORIENTED_EDGE('',*,*,#1580,.T.);
#1580 = EDGE_CURVE('',#492,#688,#1581,.T.);
#1581 = CIRCLE('',#1582,2.);
#1582 = AXIS2_PLACEMENT_3D('',#1583,#1584,#1585);
#1583 = CARTESIAN_POINT('',(66.6,14.,-7.));
#1584 = DIRECTION('',(0.,-1.,0.));
#1585 = DIRECTION('',(0.,-0.,-1.));
#1586 = ORIENTED_EDGE('',*,*,#695,.F.);
#1587 = ORIENTED_EDGE('',*,*,#1588,.T.);
#1588 = EDGE_CURVE('',#696,#1589,#1591,.T.);
#1589 = VERTEX_POINT('',#1590);
#1590 = CARTESIAN_POINT('',(55.,14.,-2.));
#1591 = LINE('',#1592,#1593);
#1592 = CARTESIAN_POINT('',(55.,14.,-5.));
#1593 = VECTOR('',#1594,1.);
#1594 = DIRECTION('',(0.,0.,1.));
#1595 = ORIENTED_EDGE('',*,*,#1596,.T.);
#1596 = EDGE_CURVE('',#1589,#1597,#1599,.T.);
#1597 = VERTEX_POINT('',#1598);
#1598 = CARTESIAN_POINT('',(49.,14.,-2.));
#1599 = LINE('',#1600,#1601);
#1600 = CARTESIAN_POINT('',(12.2,14.,-2.));
#1601 = VECTOR('',#1602,1.);
#1602 = DIRECTION('',(-1.,-0.,0.));
#1603 = ORIENTED_EDGE('',*,*,#1604,.F.);
#1604 = EDGE_CURVE('',#777,#1597,#1605,.T.);
#1605 = LINE('',#1606,#1607);
#1606 = CARTESIAN_POINT('',(49.,14.,-5.));
#1607 = VECTOR('',#1608,1.);
#1608 = DIRECTION('',(0.,0.,1.));
#1609 = ORIENTED_EDGE('',*,*,#784,.F.);
#1610 = ORIENTED_EDGE('',*,*,#1611,.T.);
#1611 = EDGE_CURVE('',#785,#1612,#1614,.T.);
#1612 = VERTEX_POINT('',#1613);
#1613 = CARTESIAN_POINT('',(15.,14.,-2.));
#1614 = LINE('',#1615,#1616);
#1615 = CARTESIAN_POINT('',(15.,14.,-5.));
#1616 = VECTOR('',#1617,1.);
#1617 = DIRECTION('',(0.,0.,1.));
#1618 = ORIENTED_EDGE('',*,*,#1619,.T.);
#1619 = EDGE_CURVE('',#1612,#1620,#1622,.T.);
#1620 = VERTEX_POINT('',#1621);
#1621 = CARTESIAN_POINT('',(9.,14.,-2.));
#1622 = LINE('',#1623,#1624);
#1623 = CARTESIAN_POINT('',(-7.8,14.,-2.));
#1624 = VECTOR('',#1625,1.);
#1625 = DIRECTION('',(-1.,-0.,0.));
#1626 = ORIENTED_EDGE('',*,*,#1627,.F.);
#1627 = EDGE_CURVE('',#592,#1620,#1628,.T.);
#1628 = LINE('',#1629,#1630);
#1629 = CARTESIAN_POINT('',(9.,14.,-5.));
#1630 = VECTOR('',#1631,1.);
#1631 = DIRECTION('',(0.,0.,1.));
#1632 = ORIENTED_EDGE('',*,*,#599,.F.);
#1633 = ORIENTED_EDGE('',*,*,#1634,.F.);
#1634 = EDGE_CURVE('',#316,#600,#1635,.T.);
#1635 = CIRCLE('',#1636,2.);
#1636 = AXIS2_PLACEMENT_3D('',#1637,#1638,#1639);
#1637 = CARTESIAN_POINT('',(-2.6,14.,-7.));
#1638 = DIRECTION('',(-0.,1.,0.));
#1639 = DIRECTION('',(0.,0.,-1.));
#1640 = ORIENTED_EDGE('',*,*,#315,.F.);
#1641 = ORIENTED_EDGE('',*,*,#1531,.T.);
#1642 = PLANE('',#1643);
#1643 = AXIS2_PLACEMENT_3D('',#1644,#1645,#1646);
#1644 = CARTESIAN_POINT('',(-24.6,14.,-5.));
#1645 = DIRECTION('',(-0.,1.,0.));
#1646 = DIRECTION('',(0.,0.,1.));
#1647 = ADVANCED_FACE('',(#1648),#1729,.T.);
#1648 = FACE_BOUND('',#1649,.T.);
#1649 = EDGE_LOOP('',(#1650,#1658,#1665,#1666,#1673,#1674,#1682,#1690,
    #1696,#1697,#1705,#1713,#1719,#1720,#1727,#1728));
#1650 = ORIENTED_EDGE('',*,*,#1651,.T.);
#1651 = EDGE_CURVE('',#1541,#1652,#1654,.T.);
#1652 = VERTEX_POINT('',#1653);
#1653 = CARTESIAN_POINT('',(67.6,6.,-1.5));
#1654 = LINE('',#1655,#1656);
#1655 = CARTESIAN_POINT('',(-24.6,6.,-1.5));
#1656 = VECTOR('',#1657,1.);
#1657 = DIRECTION('',(1.,0.,-0.));
#1658 = ORIENTED_EDGE('',*,*,#1659,.F.);
#1659 = EDGE_CURVE('',#510,#1652,#1660,.T.);
#1660 = CIRCLE('',#1661,1.);
#1661 = AXIS2_PLACEMENT_3D('',#1662,#1663,#1664);
#1662 = CARTESIAN_POINT('',(67.6,6.,-0.5));
#1663 = DIRECTION('',(-0.,1.,0.));
#1664 = DIRECTION('',(0.,0.,-1.));
#1665 = ORIENTED_EDGE('',*,*,#509,.T.);
#1666 = ORIENTED_EDGE('',*,*,#1667,.T.);
#1667 = EDGE_CURVE('',#502,#680,#1668,.T.);
#1668 = CIRCLE('',#1669,2.);
#1669 = AXIS2_PLACEMENT_3D('',#1670,#1671,#1672);
#1670 = CARTESIAN_POINT('',(66.6,6.,-7.));
#1671 = DIRECTION('',(0.,-1.,0.));
#1672 = DIRECTION('',(0.,-0.,-1.));
#1673 = ORIENTED_EDGE('',*,*,#679,.F.);
#1674 = ORIENTED_EDGE('',*,*,#1675,.T.);
#1675 = EDGE_CURVE('',#672,#1676,#1678,.T.);
#1676 = VERTEX_POINT('',#1677);
#1677 = CARTESIAN_POINT('',(55.,6.,-2.));
#1678 = LINE('',#1679,#1680);
#1679 = CARTESIAN_POINT('',(55.,6.,-5.));
#1680 = VECTOR('',#1681,1.);
#1681 = DIRECTION('',(0.,0.,1.));
#1682 = ORIENTED_EDGE('',*,*,#1683,.T.);
#1683 = EDGE_CURVE('',#1676,#1684,#1686,.T.);
#1684 = VERTEX_POINT('',#1685);
#1685 = CARTESIAN_POINT('',(49.,6.,-2.));
#1686 = LINE('',#1687,#1688);
#1687 = CARTESIAN_POINT('',(12.2,6.,-2.));
#1688 = VECTOR('',#1689,1.);
#1689 = DIRECTION('',(-1.,-0.,0.));
#1690 = ORIENTED_EDGE('',*,*,#1691,.F.);
#1691 = EDGE_CURVE('',#648,#1684,#1692,.T.);
#1692 = LINE('',#1693,#1694);
#1693 = CARTESIAN_POINT('',(49.,6.,-5.));
#1694 = VECTOR('',#1695,1.);
#1695 = DIRECTION('',(0.,0.,1.));
#1696 = ORIENTED_EDGE('',*,*,#647,.F.);
#1697 = ORIENTED_EDGE('',*,*,#1698,.T.);
#1698 = EDGE_CURVE('',#640,#1699,#1701,.T.);
#1699 = VERTEX_POINT('',#1700);
#1700 = CARTESIAN_POINT('',(15.,6.,-2.));
#1701 = LINE('',#1702,#1703);
#1702 = CARTESIAN_POINT('',(15.,6.,-5.));
#1703 = VECTOR('',#1704,1.);
#1704 = DIRECTION('',(0.,0.,1.));
#1705 = ORIENTED_EDGE('',*,*,#1706,.T.);
#1706 = EDGE_CURVE('',#1699,#1707,#1709,.T.);
#1707 = VERTEX_POINT('',#1708);
#1708 = CARTESIAN_POINT('',(9.,6.,-2.));
#1709 = LINE('',#1710,#1711);
#1710 = CARTESIAN_POINT('',(-7.8,6.,-2.));
#1711 = VECTOR('',#1712,1.);
#1712 = DIRECTION('',(-1.,-0.,0.));
#1713 = ORIENTED_EDGE('',*,*,#1714,.F.);
#1714 = EDGE_CURVE('',#616,#1707,#1715,.T.);
#1715 = LINE('',#1716,#1717);
#1716 = CARTESIAN_POINT('',(9.,6.,-5.));
#1717 = VECTOR('',#1718,1.);
#1718 = DIRECTION('',(0.,0.,1.));
#1719 = ORIENTED_EDGE('',*,*,#615,.F.);
#1720 = ORIENTED_EDGE('',*,*,#1721,.F.);
#1721 = EDGE_CURVE('',#324,#608,#1722,.T.);
#1722 = CIRCLE('',#1723,2.);
#1723 = AXIS2_PLACEMENT_3D('',#1724,#1725,#1726);
#1724 = CARTESIAN_POINT('',(-2.6,6.,-7.));
#1725 = DIRECTION('',(-0.,1.,0.));
#1726 = DIRECTION('',(0.,0.,-1.));
#1727 = ORIENTED_EDGE('',*,*,#331,.T.);
#1728 = ORIENTED_EDGE('',*,*,#1548,.T.);
#1729 = PLANE('',#1730);
#1730 = AXIS2_PLACEMENT_3D('',#1731,#1732,#1733);
#1731 = CARTESIAN_POINT('',(-24.6,6.,-5.));
#1732 = DIRECTION('',(-0.,1.,0.));
#1733 = DIRECTION('',(0.,0.,1.));
#1734 = ADVANCED_FACE('',(#1735),#1741,.T.);
#1735 = FACE_BOUND('',#1736,.F.);
#1736 = EDGE_LOOP('',(#1737,#1738,#1739,#1740));
#1737 = ORIENTED_EDGE('',*,*,#1634,.T.);
#1738 = ORIENTED_EDGE('',*,*,#607,.T.);
#1739 = ORIENTED_EDGE('',*,*,#1721,.F.);
#1740 = ORIENTED_EDGE('',*,*,#323,.F.);
#1741 = CYLINDRICAL_SURFACE('',#1742,2.);
#1742 = AXIS2_PLACEMENT_3D('',#1743,#1744,#1745);
#1743 = CARTESIAN_POINT('',(-2.6,14.,-7.));
#1744 = DIRECTION('',(0.,-1.,0.));
#1745 = DIRECTION('',(-1.,0.,0.));
#1746 = ADVANCED_FACE('',(#1747),#1772,.F.);
#1747 = FACE_BOUND('',#1748,.F.);
#1748 = EDGE_LOOP('',(#1749,#1759,#1765,#1766));
#1749 = ORIENTED_EDGE('',*,*,#1750,.F.);
#1750 = EDGE_CURVE('',#1751,#1753,#1755,.T.);
#1751 = VERTEX_POINT('',#1752);
#1752 = CARTESIAN_POINT('',(-7.6,10.5,6.));
#1753 = VERTEX_POINT('',#1754);
#1754 = CARTESIAN_POINT('',(-7.6,17.5,6.));
#1755 = LINE('',#1756,#1757);
#1756 = CARTESIAN_POINT('',(-7.6,10.5,6.));
#1757 = VECTOR('',#1758,1.);
#1758 = DIRECTION('',(-0.,1.,0.));
#1759 = ORIENTED_EDGE('',*,*,#1760,.T.);
#1760 = EDGE_CURVE('',#1751,#340,#1761,.T.);
#1761 = LINE('',#1762,#1763);
#1762 = CARTESIAN_POINT('',(-7.6,10.5,6.));
#1763 = VECTOR('',#1764,1.);
#1764 = DIRECTION('',(1.,0.,-0.));
#1765 = ORIENTED_EDGE('',*,*,#339,.T.);
#1766 = ORIENTED_EDGE('',*,*,#1767,.F.);
#1767 = EDGE_CURVE('',#1753,#342,#1768,.T.);
#1768 = LINE('',#1769,#1770);
#1769 = CARTESIAN_POINT('',(-7.6,17.5,6.));
#1770 = VECTOR('',#1771,1.);
#1771 = DIRECTION('',(1.,0.,-0.));
#1772 = PLANE('',#1773);
#1773 = AXIS2_PLACEMENT_3D('',#1774,#1775,#1776);
#1774 = CARTESIAN_POINT('',(-7.6,10.5,6.));
#1775 = DIRECTION('',(0.,0.,1.));
#1776 = DIRECTION('',(1.,0.,-0.));
#1777 = ADVANCED_FACE('',(#1778),#1796,.T.);
#1778 = FACE_BOUND('',#1779,.T.);
#1779 = EDGE_LOOP('',(#1780,#1781,#1789,#1795));
#1780 = ORIENTED_EDGE('',*,*,#1767,.F.);
#1781 = ORIENTED_EDGE('',*,*,#1782,.T.);
#1782 = EDGE_CURVE('',#1753,#1783,#1785,.T.);
#1783 = VERTEX_POINT('',#1784);
#1784 = CARTESIAN_POINT('',(-7.6,17.5,12.));
#1785 = LINE('',#1786,#1787);
#1786 = CARTESIAN_POINT('',(-7.6,17.5,6.));
#1787 = VECTOR('',#1788,1.);
#1788 = DIRECTION('',(0.,0.,1.));
#1789 = ORIENTED_EDGE('',*,*,#1790,.T.);
#1790 = EDGE_CURVE('',#1783,#358,#1791,.T.);
#1791 = LINE('',#1792,#1793);
#1792 = CARTESIAN_POINT('',(-7.6,17.5,12.));
#1793 = VECTOR('',#1794,1.);
#1794 = DIRECTION('',(1.,0.,-0.));
#1795 = ORIENTED_EDGE('',*,*,#365,.F.);
#1796 = PLANE('',#1797);
#1797 = AXIS2_PLACEMENT_3D('',#1798,#1799,#1800);
#1798 = CARTESIAN_POINT('',(-7.6,17.5,6.));
#1799 = DIRECTION('',(-0.,1.,0.));
#1800 = DIRECTION('',(0.,0.,1.));
#1801 = ADVANCED_FACE('',(#1802),#1820,.T.);
#1802 = FACE_BOUND('',#1803,.T.);
#1803 = EDGE_LOOP('',(#1804,#1812,#1818,#1819));
#1804 = ORIENTED_EDGE('',*,*,#1805,.F.);
#1805 = EDGE_CURVE('',#1806,#1783,#1808,.T.);
#1806 = VERTEX_POINT('',#1807);
#1807 = CARTESIAN_POINT('',(-7.6,10.5,12.));
#1808 = LINE('',#1809,#1810);
#1809 = CARTESIAN_POINT('',(-7.6,10.5,12.));
#1810 = VECTOR('',#1811,1.);
#1811 = DIRECTION('',(-0.,1.,0.));
#1812 = ORIENTED_EDGE('',*,*,#1813,.T.);
#1813 = EDGE_CURVE('',#1806,#350,#1814,.T.);
#1814 = LINE('',#1815,#1816);
#1815 = CARTESIAN_POINT('',(-7.6,10.5,12.));
#1816 = VECTOR('',#1817,1.);
#1817 = DIRECTION('',(1.,0.,-0.));
#1818 = ORIENTED_EDGE('',*,*,#357,.T.);
#1819 = ORIENTED_EDGE('',*,*,#1790,.F.);
#1820 = PLANE('',#1821);
#1821 = AXIS2_PLACEMENT_3D('',#1822,#1823,#1824);
#1822 = CARTESIAN_POINT('',(-7.6,10.5,12.));
#1823 = DIRECTION('',(0.,0.,1.));
#1824 = DIRECTION('',(1.,0.,-0.));
#1825 = ADVANCED_FACE('',(#1826),#1837,.F.);
#1826 = FACE_BOUND('',#1827,.F.);
#1827 = EDGE_LOOP('',(#1828,#1829,#1835,#1836));
#1828 = ORIENTED_EDGE('',*,*,#1760,.F.);
#1829 = ORIENTED_EDGE('',*,*,#1830,.T.);
#1830 = EDGE_CURVE('',#1751,#1806,#1831,.T.);
#1831 = LINE('',#1832,#1833);
#1832 = CARTESIAN_POINT('',(-7.6,10.5,6.));
#1833 = VECTOR('',#1834,1.);
#1834 = DIRECTION('',(0.,0.,1.));
#1835 = ORIENTED_EDGE('',*,*,#1813,.T.);
#1836 = ORIENTED_EDGE('',*,*,#349,.F.);
#1837 = PLANE('',#1838);
#1838 = AXIS2_PLACEMENT_3D('',#1839,#1840,#1841);
#1839 = CARTESIAN_POINT('',(-7.6,10.5,6.));
#1840 = DIRECTION('',(-0.,1.,0.));
#1841 = DIRECTION('',(0.,0.,1.));
#1842 = ADVANCED_FACE('',(#1843),#1863,.T.);
#1843 = FACE_BOUND('',#1844,.F.);
#1844 = EDGE_LOOP('',(#1845,#1846,#1847,#1856,#1862));
#1845 = ORIENTED_EDGE('',*,*,#407,.F.);
#1846 = ORIENTED_EDGE('',*,*,#1483,.T.);
#1847 = ORIENTED_EDGE('',*,*,#1848,.T.);
#1848 = EDGE_CURVE('',#1484,#1849,#1851,.T.);
#1849 = VERTEX_POINT('',#1850);
#1850 = CARTESIAN_POINT('',(68.5,0.855447685774,-9.));
#1851 = CIRCLE('',#1852,6.6);
#1852 = AXIS2_PLACEMENT_3D('',#1853,#1854,#1855);
#1853 = CARTESIAN_POINT('',(62.,2.,-9.));
#1854 = DIRECTION('',(-0.,-0.,-1.));
#1855 = DIRECTION('',(0.,-1.,0.));
#1856 = ORIENTED_EDGE('',*,*,#1857,.T.);
#1857 = EDGE_CURVE('',#1849,#1158,#1858,.T.);
#1858 = LINE('',#1859,#1860);
#1859 = CARTESIAN_POINT('',(68.5,0.855447685774,-9.));
#1860 = VECTOR('',#1861,1.);
#1861 = DIRECTION('',(0.,0.,1.));
#1862 = ORIENTED_EDGE('',*,*,#1165,.F.);
#1863 = CYLINDRICAL_SURFACE('',#1864,6.6);
#1864 = AXIS2_PLACEMENT_3D('',#1865,#1866,#1867);
#1865 = CARTESIAN_POINT('',(62.,2.,-9.));
#1866 = DIRECTION('',(0.,0.,1.));
#1867 = DIRECTION('',(1.,0.,-0.));
#1868 = ADVANCED_FACE('',(#1869),#1889,.T.);
#1869 = FACE_BOUND('',#1870,.T.);
#1870 = EDGE_LOOP('',(#1871,#1872,#1873,#1882,#1888));
#1871 = ORIENTED_EDGE('',*,*,#423,.F.);
#1872 = ORIENTED_EDGE('',*,*,#1475,.T.);
#1873 = ORIENTED_EDGE('',*,*,#1874,.T.);
#1874 = EDGE_CURVE('',#1468,#1875,#1877,.T.);
#1875 = VERTEX_POINT('',#1876);
#1876 = CARTESIAN_POINT('',(68.5,48.144552314225,-9.));
#1877 = CIRCLE('',#1878,6.6);
#1878 = AXIS2_PLACEMENT_3D('',#1879,#1880,#1881);
#1879 = CARTESIAN_POINT('',(62.,47.,-9.));
#1880 = DIRECTION('',(0.,0.,1.));
#1881 = DIRECTION('',(0.,-1.,0.));
#1882 = ORIENTED_EDGE('',*,*,#1883,.T.);
#1883 = EDGE_CURVE('',#1875,#1174,#1884,.T.);
#1884 = LINE('',#1885,#1886);
#1885 = CARTESIAN_POINT('',(68.5,48.144552314226,-9.));
#1886 = VECTOR('',#1887,1.);
#1887 = DIRECTION('',(0.,0.,1.));
#1888 = ORIENTED_EDGE('',*,*,#1173,.F.);
#1889 = CYLINDRICAL_SURFACE('',#1890,6.6);
#1890 = AXIS2_PLACEMENT_3D('',#1891,#1892,#1893);
#1891 = CARTESIAN_POINT('',(62.,47.,-9.));
#1892 = DIRECTION('',(0.,0.,1.));
#1893 = DIRECTION('',(1.,0.,-0.));
#1894 = ADVANCED_FACE('',(#1895),#1921,.F.);
#1895 = FACE_BOUND('',#1896,.F.);
#1896 = EDGE_LOOP('',(#1897,#1905,#1913,#1919,#1920));
#1897 = ORIENTED_EDGE('',*,*,#1898,.F.);
#1898 = EDGE_CURVE('',#1899,#442,#1901,.T.);
#1899 = VERTEX_POINT('',#1900);
#1900 = CARTESIAN_POINT('',(67.4,26.,2.5));
#1901 = LINE('',#1902,#1903);
#1902 = CARTESIAN_POINT('',(67.4,26.,2.5));
#1903 = VECTOR('',#1904,1.);
#1904 = DIRECTION('',(1.,0.,-0.));
#1905 = ORIENTED_EDGE('',*,*,#1906,.F.);
#1906 = EDGE_CURVE('',#1907,#1899,#1909,.T.);
#1907 = VERTEX_POINT('',#1908);
#1908 = CARTESIAN_POINT('',(67.4,23.,2.5));
#1909 = LINE('',#1910,#1911);
#1910 = CARTESIAN_POINT('',(67.4,23.,2.5));
#1911 = VECTOR('',#1912,1.);
#1912 = DIRECTION('',(-0.,1.,0.));
#1913 = ORIENTED_EDGE('',*,*,#1914,.T.);
#1914 = EDGE_CURVE('',#1907,#434,#1915,.T.);
#1915 = LINE('',#1916,#1917);
#1916 = CARTESIAN_POINT('',(67.4,23.,2.5));
#1917 = VECTOR('',#1918,1.);
#1918 = DIRECTION('',(1.,0.,-0.));
#1919 = ORIENTED_EDGE('',*,*,#431,.F.);
#1920 = ORIENTED_EDGE('',*,*,#441,.F.);
#1921 = PLANE('',#1922);
#1922 = AXIS2_PLACEMENT_3D('',#1923,#1924,#1925);
#1923 = CARTESIAN_POINT('',(67.4,23.,2.5));
#1924 = DIRECTION('',(0.,0.,1.));
#1925 = DIRECTION('',(1.,0.,-0.));
#1926 = ADVANCED_FACE('',(#1927),#1945,.T.);
#1927 = FACE_BOUND('',#1928,.T.);
#1928 = EDGE_LOOP('',(#1929,#1937,#1943,#1944));
#1929 = ORIENTED_EDGE('',*,*,#1930,.F.);
#1930 = EDGE_CURVE('',#1931,#458,#1933,.T.);
#1931 = VERTEX_POINT('',#1932);
#1932 = CARTESIAN_POINT('',(67.4,23.,0.9));
#1933 = LINE('',#1934,#1935);
#1934 = CARTESIAN_POINT('',(67.4,23.,0.9));
#1935 = VECTOR('',#1936,1.);
#1936 = DIRECTION('',(1.,0.,-0.));
#1937 = ORIENTED_EDGE('',*,*,#1938,.T.);
#1938 = EDGE_CURVE('',#1931,#1907,#1939,.T.);
#1939 = LINE('',#1940,#1941);
#1940 = CARTESIAN_POINT('',(67.4,23.,0.9));
#1941 = VECTOR('',#1942,1.);
#1942 = DIRECTION('',(0.,0.,1.));
#1943 = ORIENTED_EDGE('',*,*,#1914,.T.);
#1944 = ORIENTED_EDGE('',*,*,#465,.F.);
#1945 = PLANE('',#1946);
#1946 = AXIS2_PLACEMENT_3D('',#1947,#1948,#1949);
#1947 = CARTESIAN_POINT('',(67.4,23.,0.9));
#1948 = DIRECTION('',(-0.,1.,0.));
#1949 = DIRECTION('',(0.,0.,1.));
#1950 = ADVANCED_FACE('',(#1951),#1969,.T.);
#1951 = FACE_BOUND('',#1952,.T.);
#1952 = EDGE_LOOP('',(#1953,#1961,#1967,#1968));
#1953 = ORIENTED_EDGE('',*,*,#1954,.F.);
#1954 = EDGE_CURVE('',#1955,#450,#1957,.T.);
#1955 = VERTEX_POINT('',#1956);
#1956 = CARTESIAN_POINT('',(67.4,26.,0.9));
#1957 = LINE('',#1958,#1959);
#1958 = CARTESIAN_POINT('',(67.4,26.,0.9));
#1959 = VECTOR('',#1960,1.);
#1960 = DIRECTION('',(1.,0.,-0.));
#1961 = ORIENTED_EDGE('',*,*,#1962,.F.);
#1962 = EDGE_CURVE('',#1931,#1955,#1963,.T.);
#1963 = LINE('',#1964,#1965);
#1964 = CARTESIAN_POINT('',(67.4,23.,0.9));
#1965 = VECTOR('',#1966,1.);
#1966 = DIRECTION('',(-0.,1.,0.));
#1967 = ORIENTED_EDGE('',*,*,#1930,.T.);
#1968 = ORIENTED_EDGE('',*,*,#457,.F.);
#1969 = PLANE('',#1970);
#1970 = AXIS2_PLACEMENT_3D('',#1971,#1972,#1973);
#1971 = CARTESIAN_POINT('',(67.4,23.,0.9));
#1972 = DIRECTION('',(0.,0.,1.));
#1973 = DIRECTION('',(1.,0.,-0.));
#1974 = ADVANCED_FACE('',(#1975),#1986,.F.);
#1975 = FACE_BOUND('',#1976,.F.);
#1976 = EDGE_LOOP('',(#1977,#1978,#1984,#1985));
#1977 = ORIENTED_EDGE('',*,*,#1954,.F.);
#1978 = ORIENTED_EDGE('',*,*,#1979,.T.);
#1979 = EDGE_CURVE('',#1955,#1899,#1980,.T.);
#1980 = LINE('',#1981,#1982);
#1981 = CARTESIAN_POINT('',(67.4,26.,0.9));
#1982 = VECTOR('',#1983,1.);
#1983 = DIRECTION('',(0.,0.,1.));
#1984 = ORIENTED_EDGE('',*,*,#1898,.T.);
#1985 = ORIENTED_EDGE('',*,*,#449,.F.);
#1986 = PLANE('',#1987);
#1987 = AXIS2_PLACEMENT_3D('',#1988,#1989,#1990);
#1988 = CARTESIAN_POINT('',(67.4,26.,0.9));
#1989 = DIRECTION('',(-0.,1.,0.));
#1990 = DIRECTION('',(0.,0.,1.));
#1991 = ADVANCED_FACE('',(#1992),#2020,.F.);
#1992 = FACE_BOUND('',#1993,.F.);
#1993 = EDGE_LOOP('',(#1994,#2005,#2010,#2011,#2012,#2013));
#1994 = ORIENTED_EDGE('',*,*,#1995,.T.);
#1995 = EDGE_CURVE('',#1996,#1998,#2000,.T.);
#1996 = VERTEX_POINT('',#1997);
#1997 = CARTESIAN_POINT('',(67.6,24.5,2.5));
#1998 = VERTEX_POINT('',#1999);
#1999 = CARTESIAN_POINT('',(67.6,24.5,23.5));
#2000 = CIRCLE('',#2001,10.5);
#2001 = AXIS2_PLACEMENT_3D('',#2002,#2003,#2004);
#2002 = CARTESIAN_POINT('',(67.6,24.5,13.));
#2003 = DIRECTION('',(1.,0.,0.));
#2004 = DIRECTION('',(-0.,0.,1.));
#2005 = ORIENTED_EDGE('',*,*,#2006,.T.);
#2006 = EDGE_CURVE('',#1998,#474,#2007,.T.);
#2007 = B_SPLINE_CURVE_WITH_KNOTS('',1,(#2008,#2009),.UNSPECIFIED.,.F.,
  .F.,(2,2),(0.,1.),.PIECEWISE_BEZIER_KNOTS.);
#2008 = CARTESIAN_POINT('',(67.6,24.5,23.5));
#2009 = CARTESIAN_POINT('',(68.6,24.5,23.5));
#2010 = ORIENTED_EDGE('',*,*,#473,.F.);
#2011 = ORIENTED_EDGE('',*,*,#482,.F.);
#2012 = ORIENTED_EDGE('',*,*,#2006,.F.);
#2013 = ORIENTED_EDGE('',*,*,#2014,.T.);
#2014 = EDGE_CURVE('',#1998,#1996,#2015,.T.);
#2015 = CIRCLE('',#2016,10.5);
#2016 = AXIS2_PLACEMENT_3D('',#2017,#2018,#2019);
#2017 = CARTESIAN_POINT('',(67.6,24.5,13.));
#2018 = DIRECTION('',(1.,0.,0.));
#2019 = DIRECTION('',(-0.,0.,1.));
#2020 = CYLINDRICAL_SURFACE('',#2021,10.5);
#2021 = AXIS2_PLACEMENT_3D('',#2022,#2023,#2024);
#2022 = CARTESIAN_POINT('',(67.6,24.5,13.));
#2023 = DIRECTION('',(1.,0.,0.));
#2024 = DIRECTION('',(-0.,0.,1.));
#2025 = ADVANCED_FACE('',(#2026),#2037,.T.);
#2026 = FACE_BOUND('',#2027,.F.);
#2027 = EDGE_LOOP('',(#2028,#2029,#2035,#2036));
#2028 = ORIENTED_EDGE('',*,*,#1572,.T.);
#2029 = ORIENTED_EDGE('',*,*,#2030,.T.);
#2030 = EDGE_CURVE('',#1565,#1652,#2031,.T.);
#2031 = LINE('',#2032,#2033);
#2032 = CARTESIAN_POINT('',(67.6,14.,-1.5));
#2033 = VECTOR('',#2034,1.);
#2034 = DIRECTION('',(0.,-1.,0.));
#2035 = ORIENTED_EDGE('',*,*,#1659,.F.);
#2036 = ORIENTED_EDGE('',*,*,#517,.F.);
#2037 = CYLINDRICAL_SURFACE('',#2038,1.);
#2038 = AXIS2_PLACEMENT_3D('',#2039,#2040,#2041);
#2039 = CARTESIAN_POINT('',(67.6,14.,-0.5));
#2040 = DIRECTION('',(0.,-1.,0.));
#2041 = DIRECTION('',(1.,0.,0.));
#2042 = ADVANCED_FACE('',(#2043),#2049,.T.);
#2043 = FACE_BOUND('',#2044,.T.);
#2044 = EDGE_LOOP('',(#2045,#2046,#2047,#2048));
#2045 = ORIENTED_EDGE('',*,*,#1580,.T.);
#2046 = ORIENTED_EDGE('',*,*,#687,.T.);
#2047 = ORIENTED_EDGE('',*,*,#1667,.F.);
#2048 = ORIENTED_EDGE('',*,*,#501,.F.);
#2049 = CYLINDRICAL_SURFACE('',#2050,2.);
#2050 = AXIS2_PLACEMENT_3D('',#2051,#2052,#2053);
#2051 = CARTESIAN_POINT('',(66.6,14.,-7.));
#2052 = DIRECTION('',(0.,-1.,0.));
#2053 = DIRECTION('',(1.,0.,0.));
#2054 = ADVANCED_FACE('',(#2055),#2066,.T.);
#2055 = FACE_BOUND('',#2056,.T.);
#2056 = EDGE_LOOP('',(#2057,#2058,#2059,#2060));
#2057 = ORIENTED_EDGE('',*,*,#816,.T.);
#2058 = ORIENTED_EDGE('',*,*,#750,.T.);
#2059 = ORIENTED_EDGE('',*,*,#941,.F.);
#2060 = ORIENTED_EDGE('',*,*,#2061,.F.);
#2061 = EDGE_CURVE('',#817,#942,#2062,.T.);
#2062 = LINE('',#2063,#2064);
#2063 = CARTESIAN_POINT('',(9.,53.6,-7.));
#2064 = VECTOR('',#2065,1.);
#2065 = DIRECTION('',(1.,0.,-0.));
#2066 = CYLINDRICAL_SURFACE('',#2067,2.);
#2067 = AXIS2_PLACEMENT_3D('',#2068,#2069,#2070);
#2068 = CARTESIAN_POINT('',(9.,51.6,-7.));
#2069 = DIRECTION('',(1.,0.,-0.));
#2070 = DIRECTION('',(0.,1.,0.));
#2071 = ADVANCED_FACE('',(#2072),#2083,.T.);
#2072 = FACE_BOUND('',#2073,.T.);
#2073 = EDGE_LOOP('',(#2074,#2080,#2081,#2082));
#2074 = ORIENTED_EDGE('',*,*,#2075,.F.);
#2075 = EDGE_CURVE('',#1620,#1045,#2076,.T.);
#2076 = LINE('',#2077,#2078);
#2077 = CARTESIAN_POINT('',(9.,-24.6,-2.));
#2078 = VECTOR('',#2079,1.);
#2079 = DIRECTION('',(-0.,1.,0.));
#2080 = ORIENTED_EDGE('',*,*,#1627,.F.);
#2081 = ORIENTED_EDGE('',*,*,#591,.T.);
#2082 = ORIENTED_EDGE('',*,*,#1052,.T.);
#2083 = PLANE('',#2084);
#2084 = AXIS2_PLACEMENT_3D('',#2085,#2086,#2087);
#2085 = CARTESIAN_POINT('',(9.,-24.6,-5.));
#2086 = DIRECTION('',(1.,0.,-0.));
#2087 = DIRECTION('',(0.,0.,1.));
#2088 = ADVANCED_FACE('',(#2089),#2100,.T.);
#2089 = FACE_BOUND('',#2090,.T.);
#2090 = EDGE_LOOP('',(#2091,#2092,#2093,#2094));
#2091 = ORIENTED_EDGE('',*,*,#976,.T.);
#2092 = ORIENTED_EDGE('',*,*,#727,.T.);
#2093 = ORIENTED_EDGE('',*,*,#858,.F.);
#2094 = ORIENTED_EDGE('',*,*,#2095,.F.);
#2095 = EDGE_CURVE('',#977,#859,#2096,.T.);
#2096 = LINE('',#2097,#2098);
#2097 = CARTESIAN_POINT('',(49.,53.6,-7.));
#2098 = VECTOR('',#2099,1.);
#2099 = DIRECTION('',(1.,0.,-0.));
#2100 = CYLINDRICAL_SURFACE('',#2101,2.);
#2101 = AXIS2_PLACEMENT_3D('',#2102,#2103,#2104);
#2102 = CARTESIAN_POINT('',(49.,51.6,-7.));
#2103 = DIRECTION('',(1.,0.,-0.));
#2104 = DIRECTION('',(0.,1.,0.));
#2105 = ADVANCED_FACE('',(#2106),#2142,.T.);
#2106 = FACE_BOUND('',#2107,.T.);
#2107 = EDGE_LOOP('',(#2108,#2116,#2125,#2133,#2140,#2141));
#2108 = ORIENTED_EDGE('',*,*,#2109,.F.);
#2109 = EDGE_CURVE('',#2110,#1707,#2112,.T.);
#2110 = VERTEX_POINT('',#2111);
#2111 = CARTESIAN_POINT('',(9.,-3.6,-2.));
#2112 = LINE('',#2113,#2114);
#2113 = CARTESIAN_POINT('',(9.,-24.6,-2.));
#2114 = VECTOR('',#2115,1.);
#2115 = DIRECTION('',(-0.,1.,0.));
#2116 = ORIENTED_EDGE('',*,*,#2117,.F.);
#2117 = EDGE_CURVE('',#2118,#2110,#2120,.T.);
#2118 = VERTEX_POINT('',#2119);
#2119 = CARTESIAN_POINT('',(9.,-4.6,-1.));
#2120 = CIRCLE('',#2121,1.);
#2121 = AXIS2_PLACEMENT_3D('',#2122,#2123,#2124);
#2122 = CARTESIAN_POINT('',(9.,-3.6,-1.));
#2123 = DIRECTION('',(1.,0.,-0.));
#2124 = DIRECTION('',(0.,0.,1.));
#2125 = ORIENTED_EDGE('',*,*,#2126,.F.);
#2126 = EDGE_CURVE('',#2127,#2118,#2129,.T.);
#2127 = VERTEX_POINT('',#2128);
#2128 = CARTESIAN_POINT('',(9.,-4.6,-7.));
#2129 = LINE('',#2130,#2131);
#2130 = CARTESIAN_POINT('',(9.,-4.6,-7.));
#2131 = VECTOR('',#2132,1.);
#2132 = DIRECTION('',(0.,-0.,1.));
#2133 = ORIENTED_EDGE('',*,*,#2134,.T.);
#2134 = EDGE_CURVE('',#2127,#624,#2135,.T.);
#2135 = CIRCLE('',#2136,2.);
#2136 = AXIS2_PLACEMENT_3D('',#2137,#2138,#2139);
#2137 = CARTESIAN_POINT('',(9.,-2.6,-7.));
#2138 = DIRECTION('',(-1.,-0.,0.));
#2139 = DIRECTION('',(0.,0.,1.));
#2140 = ORIENTED_EDGE('',*,*,#623,.T.);
#2141 = ORIENTED_EDGE('',*,*,#1714,.T.);
#2142 = PLANE('',#2143);
#2143 = AXIS2_PLACEMENT_3D('',#2144,#2145,#2146);
#2144 = CARTESIAN_POINT('',(9.,-24.6,-5.));
#2145 = DIRECTION('',(1.,0.,-0.));
#2146 = DIRECTION('',(0.,0.,1.));
#2147 = ADVANCED_FACE('',(#2148),#2167,.T.);
#2148 = FACE_BOUND('',#2149,.F.);
#2149 = EDGE_LOOP('',(#2150,#2151,#2152,#2161));
#2150 = ORIENTED_EDGE('',*,*,#2134,.T.);
#2151 = ORIENTED_EDGE('',*,*,#631,.T.);
#2152 = ORIENTED_EDGE('',*,*,#2153,.F.);
#2153 = EDGE_CURVE('',#2154,#632,#2156,.T.);
#2154 = VERTEX_POINT('',#2155);
#2155 = CARTESIAN_POINT('',(15.,-4.6,-7.));
#2156 = CIRCLE('',#2157,2.);
#2157 = AXIS2_PLACEMENT_3D('',#2158,#2159,#2160);
#2158 = CARTESIAN_POINT('',(15.,-2.6,-7.));
#2159 = DIRECTION('',(-1.,-0.,0.));
#2160 = DIRECTION('',(0.,0.,1.));
#2161 = ORIENTED_EDGE('',*,*,#2162,.F.);
#2162 = EDGE_CURVE('',#2127,#2154,#2163,.T.);
#2163 = LINE('',#2164,#2165);
#2164 = CARTESIAN_POINT('',(9.,-4.6,-7.));
#2165 = VECTOR('',#2166,1.);
#2166 = DIRECTION('',(1.,0.,-0.));
#2167 = CYLINDRICAL_SURFACE('',#2168,2.);
#2168 = AXIS2_PLACEMENT_3D('',#2169,#2170,#2171);
#2169 = CARTESIAN_POINT('',(9.,-2.6,-7.));
#2170 = DIRECTION('',(1.,0.,-0.));
#2171 = DIRECTION('',(0.,-1.,0.));
#2172 = ADVANCED_FACE('',(#2173),#2201,.F.);
#2173 = FACE_BOUND('',#2174,.F.);
#2174 = EDGE_LOOP('',(#2175,#2183,#2192,#2198,#2199,#2200));
#2175 = ORIENTED_EDGE('',*,*,#2176,.F.);
#2176 = EDGE_CURVE('',#2177,#1699,#2179,.T.);
#2177 = VERTEX_POINT('',#2178);
#2178 = CARTESIAN_POINT('',(15.,-3.6,-2.));
#2179 = LINE('',#2180,#2181);
#2180 = CARTESIAN_POINT('',(15.,-24.6,-2.));
#2181 = VECTOR('',#2182,1.);
#2182 = DIRECTION('',(-0.,1.,0.));
#2183 = ORIENTED_EDGE('',*,*,#2184,.F.);
#2184 = EDGE_CURVE('',#2185,#2177,#2187,.T.);
#2185 = VERTEX_POINT('',#2186);
#2186 = CARTESIAN_POINT('',(15.,-4.6,-1.));
#2187 = CIRCLE('',#2188,1.);
#2188 = AXIS2_PLACEMENT_3D('',#2189,#2190,#2191);
#2189 = CARTESIAN_POINT('',(15.,-3.6,-1.));
#2190 = DIRECTION('',(1.,0.,-0.));
#2191 = DIRECTION('',(0.,0.,1.));
#2192 = ORIENTED_EDGE('',*,*,#2193,.T.);
#2193 = EDGE_CURVE('',#2185,#2154,#2194,.T.);
#2194 = LINE('',#2195,#2196);
#2195 = CARTESIAN_POINT('',(15.,-4.6,-7.));
#2196 = VECTOR('',#2197,1.);
#2197 = DIRECTION('',(-0.,0.,-1.));
#2198 = ORIENTED_EDGE('',*,*,#2153,.T.);
#2199 = ORIENTED_EDGE('',*,*,#639,.T.);
#2200 = ORIENTED_EDGE('',*,*,#1698,.T.);
#2201 = PLANE('',#2202);
#2202 = AXIS2_PLACEMENT_3D('',#2203,#2204,#2205);
#2203 = CARTESIAN_POINT('',(15.,-24.6,-5.));
#2204 = DIRECTION('',(1.,0.,-0.));
#2205 = DIRECTION('',(0.,0.,1.));
#2206 = ADVANCED_FACE('',(#2207),#2243,.T.);
#2207 = FACE_BOUND('',#2208,.T.);
#2208 = EDGE_LOOP('',(#2209,#2217,#2226,#2234,#2241,#2242));
#2209 = ORIENTED_EDGE('',*,*,#2210,.F.);
#2210 = EDGE_CURVE('',#2211,#1684,#2213,.T.);
#2211 = VERTEX_POINT('',#2212);
#2212 = CARTESIAN_POINT('',(49.,-3.6,-2.));
#2213 = LINE('',#2214,#2215);
#2214 = CARTESIAN_POINT('',(49.,-24.6,-2.));
#2215 = VECTOR('',#2216,1.);
#2216 = DIRECTION('',(-0.,1.,0.));
#2217 = ORIENTED_EDGE('',*,*,#2218,.F.);
#2218 = EDGE_CURVE('',#2219,#2211,#2221,.T.);
#2219 = VERTEX_POINT('',#2220);
#2220 = CARTESIAN_POINT('',(49.,-4.6,-1.));
#2221 = CIRCLE('',#2222,1.);
#2222 = AXIS2_PLACEMENT_3D('',#2223,#2224,#2225);
#2223 = CARTESIAN_POINT('',(49.,-3.6,-1.));
#2224 = DIRECTION('',(1.,0.,-0.));
#2225 = DIRECTION('',(0.,0.,1.));
#2226 = ORIENTED_EDGE('',*,*,#2227,.F.);
#2227 = EDGE_CURVE('',#2228,#2219,#2230,.T.);
#2228 = VERTEX_POINT('',#2229);
#2229 = CARTESIAN_POINT('',(49.,-4.6,-7.));
#2230 = LINE('',#2231,#2232);
#2231 = CARTESIAN_POINT('',(49.,-4.6,-7.));
#2232 = VECTOR('',#2233,1.);
#2233 = DIRECTION('',(0.,-0.,1.));
#2234 = ORIENTED_EDGE('',*,*,#2235,.T.);
#2235 = EDGE_CURVE('',#2228,#656,#2236,.T.);
#2236 = CIRCLE('',#2237,2.);
#2237 = AXIS2_PLACEMENT_3D('',#2238,#2239,#2240);
#2238 = CARTESIAN_POINT('',(49.,-2.6,-7.));
#2239 = DIRECTION('',(-1.,-0.,0.));
#2240 = DIRECTION('',(0.,0.,1.));
#2241 = ORIENTED_EDGE('',*,*,#655,.T.);
#2242 = ORIENTED_EDGE('',*,*,#1691,.T.);
#2243 = PLANE('',#2244);
#2244 = AXIS2_PLACEMENT_3D('',#2245,#2246,#2247);
#2245 = CARTESIAN_POINT('',(49.,-24.6,-5.));
#2246 = DIRECTION('',(1.,0.,-0.));
#2247 = DIRECTION('',(0.,0.,1.));
#2248 = ADVANCED_FACE('',(#2249),#2260,.F.);
#2249 = FACE_BOUND('',#2250,.F.);
#2250 = EDGE_LOOP('',(#2251,#2257,#2258,#2259));
#2251 = ORIENTED_EDGE('',*,*,#2252,.F.);
#2252 = EDGE_CURVE('',#1589,#1014,#2253,.T.);
#2253 = LINE('',#2254,#2255);
#2254 = CARTESIAN_POINT('',(55.,-24.6,-2.));
#2255 = VECTOR('',#2256,1.);
#2256 = DIRECTION('',(-0.,1.,0.));
#2257 = ORIENTED_EDGE('',*,*,#1588,.F.);
#2258 = ORIENTED_EDGE('',*,*,#703,.T.);
#2259 = ORIENTED_EDGE('',*,*,#1013,.T.);
#2260 = PLANE('',#2261);
#2261 = AXIS2_PLACEMENT_3D('',#2262,#2263,#2264);
#2262 = CARTESIAN_POINT('',(55.,-24.6,-5.));
#2263 = DIRECTION('',(1.,0.,-0.));
#2264 = DIRECTION('',(0.,0.,1.));
#2265 = ADVANCED_FACE('',(#2266),#2285,.T.);
#2266 = FACE_BOUND('',#2267,.F.);
#2267 = EDGE_LOOP('',(#2268,#2269,#2270,#2279));
#2268 = ORIENTED_EDGE('',*,*,#2235,.T.);
#2269 = ORIENTED_EDGE('',*,*,#663,.T.);
#2270 = ORIENTED_EDGE('',*,*,#2271,.F.);
#2271 = EDGE_CURVE('',#2272,#664,#2274,.T.);
#2272 = VERTEX_POINT('',#2273);
#2273 = CARTESIAN_POINT('',(55.,-4.6,-7.));
#2274 = CIRCLE('',#2275,2.);
#2275 = AXIS2_PLACEMENT_3D('',#2276,#2277,#2278);
#2276 = CARTESIAN_POINT('',(55.,-2.6,-7.));
#2277 = DIRECTION('',(-1.,-0.,0.));
#2278 = DIRECTION('',(0.,0.,1.));
#2279 = ORIENTED_EDGE('',*,*,#2280,.F.);
#2280 = EDGE_CURVE('',#2228,#2272,#2281,.T.);
#2281 = LINE('',#2282,#2283);
#2282 = CARTESIAN_POINT('',(49.,-4.6,-7.));
#2283 = VECTOR('',#2284,1.);
#2284 = DIRECTION('',(1.,0.,-0.));
#2285 = CYLINDRICAL_SURFACE('',#2286,2.);
#2286 = AXIS2_PLACEMENT_3D('',#2287,#2288,#2289);
#2287 = CARTESIAN_POINT('',(49.,-2.6,-7.));
#2288 = DIRECTION('',(1.,0.,-0.));
#2289 = DIRECTION('',(0.,-1.,0.));
#2290 = ADVANCED_FACE('',(#2291),#2319,.F.);
#2291 = FACE_BOUND('',#2292,.F.);
#2292 = EDGE_LOOP('',(#2293,#2301,#2310,#2316,#2317,#2318));
#2293 = ORIENTED_EDGE('',*,*,#2294,.F.);
#2294 = EDGE_CURVE('',#2295,#1676,#2297,.T.);
#2295 = VERTEX_POINT('',#2296);
#2296 = CARTESIAN_POINT('',(55.,-3.6,-2.));
#2297 = LINE('',#2298,#2299);
#2298 = CARTESIAN_POINT('',(55.,-24.6,-2.));
#2299 = VECTOR('',#2300,1.);
#2300 = DIRECTION('',(-0.,1.,0.));
#2301 = ORIENTED_EDGE('',*,*,#2302,.F.);
#2302 = EDGE_CURVE('',#2303,#2295,#2305,.T.);
#2303 = VERTEX_POINT('',#2304);
#2304 = CARTESIAN_POINT('',(55.,-4.6,-1.));
#2305 = CIRCLE('',#2306,1.);
#2306 = AXIS2_PLACEMENT_3D('',#2307,#2308,#2309);
#2307 = CARTESIAN_POINT('',(55.,-3.6,-1.));
#2308 = DIRECTION('',(1.,0.,-0.));
#2309 = DIRECTION('',(0.,0.,1.));
#2310 = ORIENTED_EDGE('',*,*,#2311,.T.);
#2311 = EDGE_CURVE('',#2303,#2272,#2312,.T.);
#2312 = LINE('',#2313,#2314);
#2313 = CARTESIAN_POINT('',(55.,-4.6,-7.));
#2314 = VECTOR('',#2315,1.);
#2315 = DIRECTION('',(-0.,0.,-1.));
#2316 = ORIENTED_EDGE('',*,*,#2271,.T.);
#2317 = ORIENTED_EDGE('',*,*,#671,.T.);
#2318 = ORIENTED_EDGE('',*,*,#1675,.T.);
#2319 = PLANE('',#2320);
#2320 = AXIS2_PLACEMENT_3D('',#2321,#2322,#2323);
#2321 = CARTESIAN_POINT('',(55.,-24.6,-5.));
#2322 = DIRECTION('',(1.,0.,-0.));
#2323 = DIRECTION('',(0.,0.,1.));
#2324 = ADVANCED_FACE('',(#2325),#2336,.T.);
#2325 = FACE_BOUND('',#2326,.T.);
#2326 = EDGE_LOOP('',(#2327,#2333,#2334,#2335));
#2327 = ORIENTED_EDGE('',*,*,#2328,.F.);
#2328 = EDGE_CURVE('',#1597,#1022,#2329,.T.);
#2329 = LINE('',#2330,#2331);
#2330 = CARTESIAN_POINT('',(49.,-24.6,-2.));
#2331 = VECTOR('',#2332,1.);
#2332 = DIRECTION('',(-0.,1.,0.));
#2333 = ORIENTED_EDGE('',*,*,#1604,.F.);
#2334 = ORIENTED_EDGE('',*,*,#776,.T.);
#2335 = ORIENTED_EDGE('',*,*,#1029,.T.);
#2336 = PLANE('',#2337);
#2337 = AXIS2_PLACEMENT_3D('',#2338,#2339,#2340);
#2338 = CARTESIAN_POINT('',(49.,-24.6,-5.));
#2339 = DIRECTION('',(1.,0.,-0.));
#2340 = DIRECTION('',(0.,0.,1.));
#2341 = ADVANCED_FACE('',(#2342),#2353,.F.);
#2342 = FACE_BOUND('',#2343,.F.);
#2343 = EDGE_LOOP('',(#2344,#2350,#2351,#2352));
#2344 = ORIENTED_EDGE('',*,*,#2345,.F.);
#2345 = EDGE_CURVE('',#1612,#1037,#2346,.T.);
#2346 = LINE('',#2347,#2348);
#2347 = CARTESIAN_POINT('',(15.,-24.6,-2.));
#2348 = VECTOR('',#2349,1.);
#2349 = DIRECTION('',(-0.,1.,0.));
#2350 = ORIENTED_EDGE('',*,*,#1611,.F.);
#2351 = ORIENTED_EDGE('',*,*,#792,.T.);
#2352 = ORIENTED_EDGE('',*,*,#1036,.T.);
#2353 = PLANE('',#2354);
#2354 = AXIS2_PLACEMENT_3D('',#2355,#2356,#2357);
#2355 = CARTESIAN_POINT('',(15.,-24.6,-5.));
#2356 = DIRECTION('',(1.,0.,-0.));
#2357 = DIRECTION('',(0.,0.,1.));
#2358 = ADVANCED_FACE('',(#2359),#2370,.T.);
#2359 = FACE_BOUND('',#2360,.T.);
#2360 = EDGE_LOOP('',(#2361,#2362,#2368,#2369));
#2361 = ORIENTED_EDGE('',*,*,#833,.T.);
#2362 = ORIENTED_EDGE('',*,*,#2363,.T.);
#2363 = EDGE_CURVE('',#826,#951,#2364,.T.);
#2364 = LINE('',#2365,#2366);
#2365 = CARTESIAN_POINT('',(9.,53.6,-1.));
#2366 = VECTOR('',#2367,1.);
#2367 = DIRECTION('',(1.,0.,-0.));
#2368 = ORIENTED_EDGE('',*,*,#958,.F.);
#2369 = ORIENTED_EDGE('',*,*,#900,.F.);
#2370 = CYLINDRICAL_SURFACE('',#2371,1.);
#2371 = AXIS2_PLACEMENT_3D('',#2372,#2373,#2374);
#2372 = CARTESIAN_POINT('',(9.,52.6,-1.));
#2373 = DIRECTION('',(1.,0.,-0.));
#2374 = DIRECTION('',(0.,-0.,-1.));
#2375 = ADVANCED_FACE('',(#2376,#2449,#2460),#2466,.T.);
#2376 = FACE_BOUND('',#2377,.T.);
#2377 = EDGE_LOOP('',(#2378,#2386,#2387,#2395,#2403,#2411,#2419,#2427,
    #2435,#2443));
#2378 = ORIENTED_EDGE('',*,*,#2379,.T.);
#2379 = EDGE_CURVE('',#2380,#1226,#2382,.T.);
#2380 = VERTEX_POINT('',#2381);
#2381 = CARTESIAN_POINT('',(2.,53.6,-9.));
#2382 = LINE('',#2383,#2384);
#2383 = CARTESIAN_POINT('',(2.,53.6,-9.));
#2384 = VECTOR('',#2385,1.);
#2385 = DIRECTION('',(0.,0.,1.));
#2386 = ORIENTED_EDGE('',*,*,#1225,.T.);
#2387 = ORIENTED_EDGE('',*,*,#2388,.F.);
#2388 = EDGE_CURVE('',#2389,#1217,#2391,.T.);
#2389 = VERTEX_POINT('',#2390);
#2390 = CARTESIAN_POINT('',(62.,53.6,-9.));
#2391 = LINE('',#2392,#2393);
#2392 = CARTESIAN_POINT('',(62.,53.6,-9.));
#2393 = VECTOR('',#2394,1.);
#2394 = DIRECTION('',(0.,0.,1.));
#2395 = ORIENTED_EDGE('',*,*,#2396,.T.);
#2396 = EDGE_CURVE('',#2389,#2397,#2399,.T.);
#2397 = VERTEX_POINT('',#2398);
#2398 = CARTESIAN_POINT('',(63.50100010002,53.6,-9.));
#2399 = LINE('',#2400,#2401);
#2400 = CARTESIAN_POINT('',(-4.6,53.6,-9.));
#2401 = VECTOR('',#2402,1.);
#2402 = DIRECTION('',(1.,0.,-0.));
#2403 = ORIENTED_EDGE('',*,*,#2404,.T.);
#2404 = EDGE_CURVE('',#2397,#2405,#2407,.T.);
#2405 = VERTEX_POINT('',#2406);
#2406 = CARTESIAN_POINT('',(68.6,53.6,-9.));
#2407 = LINE('',#2408,#2409);
#2408 = CARTESIAN_POINT('',(-4.6,53.6,-9.));
#2409 = VECTOR('',#2410,1.);
#2410 = DIRECTION('',(1.,0.,-0.));
#2411 = ORIENTED_EDGE('',*,*,#2412,.F.);
#2412 = EDGE_CURVE('',#2413,#2405,#2415,.T.);
#2413 = VERTEX_POINT('',#2414);
#2414 = CARTESIAN_POINT('',(68.6,53.6,-12.));
#2415 = LINE('',#2416,#2417);
#2416 = CARTESIAN_POINT('',(68.6,53.6,-12.));
#2417 = VECTOR('',#2418,1.);
#2418 = DIRECTION('',(0.,0.,1.));
#2419 = ORIENTED_EDGE('',*,*,#2420,.F.);
#2420 = EDGE_CURVE('',#2421,#2413,#2423,.T.);
#2421 = VERTEX_POINT('',#2422);
#2422 = CARTESIAN_POINT('',(-4.6,53.6,-12.));
#2423 = LINE('',#2424,#2425);
#2424 = CARTESIAN_POINT('',(-4.6,53.6,-12.));
#2425 = VECTOR('',#2426,1.);
#2426 = DIRECTION('',(1.,0.,-0.));
#2427 = ORIENTED_EDGE('',*,*,#2428,.T.);
#2428 = EDGE_CURVE('',#2421,#2429,#2431,.T.);
#2429 = VERTEX_POINT('',#2430);
#2430 = CARTESIAN_POINT('',(-4.6,53.6,-9.));
#2431 = LINE('',#2432,#2433);
#2432 = CARTESIAN_POINT('',(-4.6,53.6,-12.));
#2433 = VECTOR('',#2434,1.);
#2434 = DIRECTION('',(0.,0.,1.));
#2435 = ORIENTED_EDGE('',*,*,#2436,.T.);
#2436 = EDGE_CURVE('',#2429,#2437,#2439,.T.);
#2437 = VERTEX_POINT('',#2438);
#2438 = CARTESIAN_POINT('',(0.49899989998,53.6,-9.));
#2439 = LINE('',#2440,#2441);
#2440 = CARTESIAN_POINT('',(-4.6,53.6,-9.));
#2441 = VECTOR('',#2442,1.);
#2442 = DIRECTION('',(1.,0.,-0.));
#2443 = ORIENTED_EDGE('',*,*,#2444,.T.);
#2444 = EDGE_CURVE('',#2437,#2380,#2445,.T.);
#2445 = LINE('',#2446,#2447);
#2446 = CARTESIAN_POINT('',(-4.6,53.6,-9.));
#2447 = VECTOR('',#2448,1.);
#2448 = DIRECTION('',(1.,0.,-0.));
#2449 = FACE_BOUND('',#2450,.T.);
#2450 = EDGE_LOOP('',(#2451,#2452,#2453,#2454));
#2451 = ORIENTED_EDGE('',*,*,#985,.T.);
#2452 = ORIENTED_EDGE('',*,*,#2095,.T.);
#2453 = ORIENTED_EDGE('',*,*,#867,.T.);
#2454 = ORIENTED_EDGE('',*,*,#2455,.F.);
#2455 = EDGE_CURVE('',#986,#868,#2456,.T.);
#2456 = LINE('',#2457,#2458);
#2457 = CARTESIAN_POINT('',(49.,53.6,-1.));
#2458 = VECTOR('',#2459,1.);
#2459 = DIRECTION('',(1.,0.,-0.));
#2460 = FACE_BOUND('',#2461,.T.);
#2461 = EDGE_LOOP('',(#2462,#2463,#2464,#2465));
#2462 = ORIENTED_EDGE('',*,*,#825,.T.);
#2463 = ORIENTED_EDGE('',*,*,#2061,.T.);
#2464 = ORIENTED_EDGE('',*,*,#950,.T.);
#2465 = ORIENTED_EDGE('',*,*,#2363,.F.);
#2466 = PLANE('',#2467);
#2467 = AXIS2_PLACEMENT_3D('',#2468,#2469,#2470);
#2468 = CARTESIAN_POINT('',(32.,53.6,6.303852889667));
#2469 = DIRECTION('',(0.,1.,0.));
#2470 = DIRECTION('',(0.,-0.,1.));
#2471 = ADVANCED_FACE('',(#2472),#2478,.T.);
#2472 = FACE_BOUND('',#2473,.T.);
#2473 = EDGE_LOOP('',(#2474,#2475,#2476,#2477));
#2474 = ORIENTED_EDGE('',*,*,#993,.T.);
#2475 = ORIENTED_EDGE('',*,*,#2455,.T.);
#2476 = ORIENTED_EDGE('',*,*,#875,.F.);
#2477 = ORIENTED_EDGE('',*,*,#924,.F.);
#2478 = CYLINDRICAL_SURFACE('',#2479,1.);
#2479 = AXIS2_PLACEMENT_3D('',#2480,#2481,#2482);
#2480 = CARTESIAN_POINT('',(49.,52.6,-1.));
#2481 = DIRECTION('',(1.,0.,-0.));
#2482 = DIRECTION('',(0.,-0.,-1.));
#2483 = ADVANCED_FACE('',(#2484),#2490,.F.);
#2484 = FACE_BOUND('',#2485,.F.);
#2485 = EDGE_LOOP('',(#2486,#2487,#2488,#2489));
#2486 = ORIENTED_EDGE('',*,*,#2075,.F.);
#2487 = ORIENTED_EDGE('',*,*,#1619,.F.);
#2488 = ORIENTED_EDGE('',*,*,#2345,.T.);
#2489 = ORIENTED_EDGE('',*,*,#1044,.T.);
#2490 = PLANE('',#2491);
#2491 = AXIS2_PLACEMENT_3D('',#2492,#2493,#2494);
#2492 = CARTESIAN_POINT('',(9.,-24.6,-2.));
#2493 = DIRECTION('',(0.,0.,1.));
#2494 = DIRECTION('',(1.,0.,-0.));
#2495 = ADVANCED_FACE('',(#2496),#2502,.F.);
#2496 = FACE_BOUND('',#2497,.F.);
#2497 = EDGE_LOOP('',(#2498,#2499,#2500,#2501));
#2498 = ORIENTED_EDGE('',*,*,#2328,.F.);
#2499 = ORIENTED_EDGE('',*,*,#1596,.F.);
#2500 = ORIENTED_EDGE('',*,*,#2252,.T.);
#2501 = ORIENTED_EDGE('',*,*,#1021,.T.);
#2502 = PLANE('',#2503);
#2503 = AXIS2_PLACEMENT_3D('',#2504,#2505,#2506);
#2504 = CARTESIAN_POINT('',(49.,-24.6,-2.));
#2505 = DIRECTION('',(0.,0.,1.));
#2506 = DIRECTION('',(1.,0.,-0.));
#2507 = ADVANCED_FACE('',(#2508),#2526,.F.);
#2508 = FACE_BOUND('',#2509,.F.);
#2509 = EDGE_LOOP('',(#2510,#2518,#2524,#2525));
#2510 = ORIENTED_EDGE('',*,*,#2511,.F.);
#2511 = EDGE_CURVE('',#2512,#1081,#2514,.T.);
#2512 = VERTEX_POINT('',#2513);
#2513 = CARTESIAN_POINT('',(-4.5,0.5,-9.));
#2514 = LINE('',#2515,#2516);
#2515 = CARTESIAN_POINT('',(-4.5,0.5,-9.));
#2516 = VECTOR('',#2517,1.);
#2517 = DIRECTION('',(0.,0.,1.));
#2518 = ORIENTED_EDGE('',*,*,#2519,.T.);
#2519 = EDGE_CURVE('',#2512,#1407,#2520,.T.);
#2520 = LINE('',#2521,#2522);
#2521 = CARTESIAN_POINT('',(-4.5,-4.5,-9.));
#2522 = VECTOR('',#2523,1.);
#2523 = DIRECTION('',(-0.,1.,0.));
#2524 = ORIENTED_EDGE('',*,*,#1415,.T.);
#2525 = ORIENTED_EDGE('',*,*,#1080,.F.);
#2526 = PLANE('',#2527);
#2527 = AXIS2_PLACEMENT_3D('',#2528,#2529,#2530);
#2528 = CARTESIAN_POINT('',(-4.5,-4.5,-9.));
#2529 = DIRECTION('',(1.,0.,-0.));
#2530 = DIRECTION('',(0.,0.,1.));
#2531 = ADVANCED_FACE('',(#2532),#2550,.F.);
#2532 = FACE_BOUND('',#2533,.F.);
#2533 = EDGE_LOOP('',(#2534,#2535,#2543,#2549));
#2534 = ORIENTED_EDGE('',*,*,#1449,.F.);
#2535 = ORIENTED_EDGE('',*,*,#2536,.T.);
#2536 = EDGE_CURVE('',#1441,#2537,#2539,.T.);
#2537 = VERTEX_POINT('',#2538);
#2538 = CARTESIAN_POINT('',(-4.5,48.5,-9.));
#2539 = LINE('',#2540,#2541);
#2540 = CARTESIAN_POINT('',(-4.5,48.,-9.));
#2541 = VECTOR('',#2542,1.);
#2542 = DIRECTION('',(-0.,1.,0.));
#2543 = ORIENTED_EDGE('',*,*,#2544,.T.);
#2544 = EDGE_CURVE('',#2537,#1251,#2545,.T.);
#2545 = LINE('',#2546,#2547);
#2546 = CARTESIAN_POINT('',(-4.5,48.5,-9.));
#2547 = VECTOR('',#2548,1.);
#2548 = DIRECTION('',(0.,0.,1.));
#2549 = ORIENTED_EDGE('',*,*,#1259,.F.);
#2550 = PLANE('',#2551);
#2551 = AXIS2_PLACEMENT_3D('',#2552,#2553,#2554);
#2552 = CARTESIAN_POINT('',(-4.5,48.,-9.));
#2553 = DIRECTION('',(1.,0.,-0.));
#2554 = DIRECTION('',(0.,0.,1.));
#2555 = ADVANCED_FACE('',(#2556),#2593,.T.);
#2556 = FACE_BOUND('',#2557,.T.);
#2557 = EDGE_LOOP('',(#2558,#2567,#2576,#2585,#2591,#2592));
#2558 = ORIENTED_EDGE('',*,*,#2559,.T.);
#2559 = EDGE_CURVE('',#2512,#2560,#2562,.T.);
#2560 = VERTEX_POINT('',#2561);
#2561 = CARTESIAN_POINT('',(-4.6,0.49899989998,-9.));
#2562 = CIRCLE('',#2563,5.);
#2563 = AXIS2_PLACEMENT_3D('',#2564,#2565,#2566);
#2564 = CARTESIAN_POINT('',(-4.5,-4.5,-9.));
#2565 = DIRECTION('',(0.,0.,1.));
#2566 = DIRECTION('',(1.,0.,-0.));
#2567 = ORIENTED_EDGE('',*,*,#2568,.T.);
#2568 = EDGE_CURVE('',#2560,#2569,#2571,.T.);
#2569 = VERTEX_POINT('',#2570);
#2570 = CARTESIAN_POINT('',(0.49899989998,-4.6,-9.));
#2571 = CIRCLE('',#2572,5.);
#2572 = AXIS2_PLACEMENT_3D('',#2573,#2574,#2575);
#2573 = CARTESIAN_POINT('',(-4.5,-4.5,-9.));
#2574 = DIRECTION('',(0.,0.,1.));
#2575 = DIRECTION('',(1.,0.,-0.));
#2576 = ORIENTED_EDGE('',*,*,#2577,.T.);
#2577 = EDGE_CURVE('',#2569,#2578,#2580,.T.);
#2578 = VERTEX_POINT('',#2579);
#2579 = CARTESIAN_POINT('',(0.5,-4.5,-9.));
#2580 = CIRCLE('',#2581,5.);
#2581 = AXIS2_PLACEMENT_3D('',#2582,#2583,#2584);
#2582 = CARTESIAN_POINT('',(-4.5,-4.5,-9.));
#2583 = DIRECTION('',(0.,0.,1.));
#2584 = DIRECTION('',(1.,0.,-0.));
#2585 = ORIENTED_EDGE('',*,*,#2586,.T.);
#2586 = EDGE_CURVE('',#2578,#1089,#2587,.T.);
#2587 = LINE('',#2588,#2589);
#2588 = CARTESIAN_POINT('',(0.5,-4.5,-9.));
#2589 = VECTOR('',#2590,1.);
#2590 = DIRECTION('',(0.,0.,1.));
#2591 = ORIENTED_EDGE('',*,*,#1088,.F.);
#2592 = ORIENTED_EDGE('',*,*,#2511,.F.);
#2593 = CYLINDRICAL_SURFACE('',#2594,5.);
#2594 = AXIS2_PLACEMENT_3D('',#2595,#2596,#2597);
#2595 = CARTESIAN_POINT('',(-4.5,-4.5,-9.));
#2596 = DIRECTION('',(0.,0.,1.));
#2597 = DIRECTION('',(1.,0.,-0.));
#2598 = ADVANCED_FACE('',(#2599),#2634,.T.);
#2599 = FACE_BOUND('',#2600,.T.);
#2600 = EDGE_LOOP('',(#2601,#2602,#2610,#2617,#2626,#2633));
#2601 = ORIENTED_EDGE('',*,*,#1250,.F.);
#2602 = ORIENTED_EDGE('',*,*,#2603,.F.);
#2603 = EDGE_CURVE('',#2604,#1243,#2606,.T.);
#2604 = VERTEX_POINT('',#2605);
#2605 = CARTESIAN_POINT('',(0.5,53.5,-9.));
#2606 = LINE('',#2607,#2608);
#2607 = CARTESIAN_POINT('',(0.5,53.5,-9.));
#2608 = VECTOR('',#2609,1.);
#2609 = DIRECTION('',(0.,0.,1.));
#2610 = ORIENTED_EDGE('',*,*,#2611,.T.);
#2611 = EDGE_CURVE('',#2604,#2437,#2612,.T.);
#2612 = CIRCLE('',#2613,5.);
#2613 = AXIS2_PLACEMENT_3D('',#2614,#2615,#2616);
#2614 = CARTESIAN_POINT('',(-4.5,53.5,-9.));
#2615 = DIRECTION('',(0.,0.,1.));
#2616 = DIRECTION('',(1.,0.,-0.));
#2617 = ORIENTED_EDGE('',*,*,#2618,.T.);
#2618 = EDGE_CURVE('',#2437,#2619,#2621,.T.);
#2619 = VERTEX_POINT('',#2620);
#2620 = CARTESIAN_POINT('',(-4.6,48.50100010002,-9.));
#2621 = CIRCLE('',#2622,5.);
#2622 = AXIS2_PLACEMENT_3D('',#2623,#2624,#2625);
#2623 = CARTESIAN_POINT('',(-4.5,53.5,-9.));
#2624 = DIRECTION('',(0.,0.,1.));
#2625 = DIRECTION('',(1.,0.,-0.));
#2626 = ORIENTED_EDGE('',*,*,#2627,.T.);
#2627 = EDGE_CURVE('',#2619,#2537,#2628,.T.);
#2628 = CIRCLE('',#2629,5.);
#2629 = AXIS2_PLACEMENT_3D('',#2630,#2631,#2632);
#2630 = CARTESIAN_POINT('',(-4.5,53.5,-9.));
#2631 = DIRECTION('',(0.,0.,1.));
#2632 = DIRECTION('',(1.,0.,-0.));
#2633 = ORIENTED_EDGE('',*,*,#2544,.T.);
#2634 = CYLINDRICAL_SURFACE('',#2635,5.);
#2635 = AXIS2_PLACEMENT_3D('',#2636,#2637,#2638);
#2636 = CARTESIAN_POINT('',(-4.5,53.5,-9.));
#2637 = DIRECTION('',(0.,0.,1.));
#2638 = DIRECTION('',(1.,0.,-0.));
#2639 = ADVANCED_FACE('',(#2640),#2658,.F.);
#2640 = FACE_BOUND('',#2641,.F.);
#2641 = EDGE_LOOP('',(#2642,#2650,#2651,#2652));
#2642 = ORIENTED_EDGE('',*,*,#2643,.F.);
#2643 = EDGE_CURVE('',#2578,#2644,#2646,.T.);
#2644 = VERTEX_POINT('',#2645);
#2645 = CARTESIAN_POINT('',(0.855447685775,-4.5,-9.));
#2646 = LINE('',#2647,#2648);
#2647 = CARTESIAN_POINT('',(-4.5,-4.5,-9.));
#2648 = VECTOR('',#2649,1.);
#2649 = DIRECTION('',(1.,0.,-0.));
#2650 = ORIENTED_EDGE('',*,*,#2586,.T.);
#2651 = ORIENTED_EDGE('',*,*,#1097,.T.);
#2652 = ORIENTED_EDGE('',*,*,#2653,.F.);
#2653 = EDGE_CURVE('',#2644,#1098,#2654,.T.);
#2654 = LINE('',#2655,#2656);
#2655 = CARTESIAN_POINT('',(0.855447685774,-4.5,-9.));
#2656 = VECTOR('',#2657,1.);
#2657 = DIRECTION('',(0.,0.,1.));
#2658 = PLANE('',#2659);
#2659 = AXIS2_PLACEMENT_3D('',#2660,#2661,#2662);
#2660 = CARTESIAN_POINT('',(-4.5,-4.5,-9.));
#2661 = DIRECTION('',(-0.,1.,0.));
#2662 = DIRECTION('',(0.,0.,1.));
#2663 = ADVANCED_FACE('',(#2664),#2682,.T.);
#2664 = FACE_BOUND('',#2665,.T.);
#2665 = EDGE_LOOP('',(#2666,#2674,#2675,#2676));
#2666 = ORIENTED_EDGE('',*,*,#2667,.F.);
#2667 = EDGE_CURVE('',#2604,#2668,#2670,.T.);
#2668 = VERTEX_POINT('',#2669);
#2669 = CARTESIAN_POINT('',(0.855447685775,53.5,-9.));
#2670 = LINE('',#2671,#2672);
#2671 = CARTESIAN_POINT('',(-4.5,53.5,-9.));
#2672 = VECTOR('',#2673,1.);
#2673 = DIRECTION('',(1.,0.,-0.));
#2674 = ORIENTED_EDGE('',*,*,#2603,.T.);
#2675 = ORIENTED_EDGE('',*,*,#1242,.T.);
#2676 = ORIENTED_EDGE('',*,*,#2677,.F.);
#2677 = EDGE_CURVE('',#2668,#1234,#2678,.T.);
#2678 = LINE('',#2679,#2680);
#2679 = CARTESIAN_POINT('',(0.855447685774,53.5,-9.));
#2680 = VECTOR('',#2681,1.);
#2681 = DIRECTION('',(0.,0.,1.));
#2682 = PLANE('',#2683);
#2683 = AXIS2_PLACEMENT_3D('',#2684,#2685,#2686);
#2684 = CARTESIAN_POINT('',(-4.5,53.5,-9.));
#2685 = DIRECTION('',(-0.,1.,0.));
#2686 = DIRECTION('',(0.,0.,1.));
#2687 = ADVANCED_FACE('',(#2688),#2707,.T.);
#2688 = FACE_BOUND('',#2689,.T.);
#2689 = EDGE_LOOP('',(#2690,#2691,#2700,#2706));
#2690 = ORIENTED_EDGE('',*,*,#2653,.F.);
#2691 = ORIENTED_EDGE('',*,*,#2692,.T.);
#2692 = EDGE_CURVE('',#2644,#2693,#2695,.T.);
#2693 = VERTEX_POINT('',#2694);
#2694 = CARTESIAN_POINT('',(2.,-4.6,-9.));
#2695 = CIRCLE('',#2696,6.6);
#2696 = AXIS2_PLACEMENT_3D('',#2697,#2698,#2699);
#2697 = CARTESIAN_POINT('',(2.,2.,-9.));
#2698 = DIRECTION('',(0.,0.,1.));
#2699 = DIRECTION('',(0.,-1.,0.));
#2700 = ORIENTED_EDGE('',*,*,#2701,.T.);
#2701 = EDGE_CURVE('',#2693,#1106,#2702,.T.);
#2702 = LINE('',#2703,#2704);
#2703 = CARTESIAN_POINT('',(2.,-4.6,-9.));
#2704 = VECTOR('',#2705,1.);
#2705 = DIRECTION('',(0.,0.,1.));
#2706 = ORIENTED_EDGE('',*,*,#1105,.F.);
#2707 = CYLINDRICAL_SURFACE('',#2708,6.6);
#2708 = AXIS2_PLACEMENT_3D('',#2709,#2710,#2711);
#2709 = CARTESIAN_POINT('',(2.,2.,-9.));
#2710 = DIRECTION('',(0.,0.,1.));
#2711 = DIRECTION('',(-1.,-0.,0.));
#2712 = ADVANCED_FACE('',(#2713),#2725,.T.);
#2713 = FACE_BOUND('',#2714,.F.);
#2714 = EDGE_LOOP('',(#2715,#2716,#2723,#2724));
#2715 = ORIENTED_EDGE('',*,*,#2677,.F.);
#2716 = ORIENTED_EDGE('',*,*,#2717,.T.);
#2717 = EDGE_CURVE('',#2668,#2380,#2718,.T.);
#2718 = CIRCLE('',#2719,6.6);
#2719 = AXIS2_PLACEMENT_3D('',#2720,#2721,#2722);
#2720 = CARTESIAN_POINT('',(2.,47.,-9.));
#2721 = DIRECTION('',(-0.,-0.,-1.));
#2722 = DIRECTION('',(0.,-1.,0.));
#2723 = ORIENTED_EDGE('',*,*,#2379,.T.);
#2724 = ORIENTED_EDGE('',*,*,#1233,.F.);
#2725 = CYLINDRICAL_SURFACE('',#2726,6.6);
#2726 = AXIS2_PLACEMENT_3D('',#2727,#2728,#2729);
#2727 = CARTESIAN_POINT('',(2.,47.,-9.));
#2728 = DIRECTION('',(0.,0.,1.));
#2729 = DIRECTION('',(-1.,-0.,0.));
#2730 = ADVANCED_FACE('',(#2731,#2795,#2806),#2817,.T.);
#2731 = FACE_BOUND('',#2732,.T.);
#2732 = EDGE_LOOP('',(#2733,#2734,#2740,#2748,#2756,#2764,#2772,#2780,
    #2788,#2794));
#2733 = ORIENTED_EDGE('',*,*,#2701,.F.);
#2734 = ORIENTED_EDGE('',*,*,#2735,.F.);
#2735 = EDGE_CURVE('',#2569,#2693,#2736,.T.);
#2736 = LINE('',#2737,#2738);
#2737 = CARTESIAN_POINT('',(-4.6,-4.6,-9.));
#2738 = VECTOR('',#2739,1.);
#2739 = DIRECTION('',(1.,0.,-0.));
#2740 = ORIENTED_EDGE('',*,*,#2741,.F.);
#2741 = EDGE_CURVE('',#2742,#2569,#2744,.T.);
#2742 = VERTEX_POINT('',#2743);
#2743 = CARTESIAN_POINT('',(-4.6,-4.6,-9.));
#2744 = LINE('',#2745,#2746);
#2745 = CARTESIAN_POINT('',(-4.6,-4.6,-9.));
#2746 = VECTOR('',#2747,1.);
#2747 = DIRECTION('',(1.,0.,-0.));
#2748 = ORIENTED_EDGE('',*,*,#2749,.F.);
#2749 = EDGE_CURVE('',#2750,#2742,#2752,.T.);
#2750 = VERTEX_POINT('',#2751);
#2751 = CARTESIAN_POINT('',(-4.6,-4.6,-12.));
#2752 = LINE('',#2753,#2754);
#2753 = CARTESIAN_POINT('',(-4.6,-4.6,-12.));
#2754 = VECTOR('',#2755,1.);
#2755 = DIRECTION('',(0.,0.,1.));
#2756 = ORIENTED_EDGE('',*,*,#2757,.T.);
#2757 = EDGE_CURVE('',#2750,#2758,#2760,.T.);
#2758 = VERTEX_POINT('',#2759);
#2759 = CARTESIAN_POINT('',(68.6,-4.6,-12.));
#2760 = LINE('',#2761,#2762);
#2761 = CARTESIAN_POINT('',(-4.6,-4.6,-12.));
#2762 = VECTOR('',#2763,1.);
#2763 = DIRECTION('',(1.,0.,-0.));
#2764 = ORIENTED_EDGE('',*,*,#2765,.T.);
#2765 = EDGE_CURVE('',#2758,#2766,#2768,.T.);
#2766 = VERTEX_POINT('',#2767);
#2767 = CARTESIAN_POINT('',(68.6,-4.6,-9.));
#2768 = LINE('',#2769,#2770);
#2769 = CARTESIAN_POINT('',(68.6,-4.6,-12.));
#2770 = VECTOR('',#2771,1.);
#2771 = DIRECTION('',(0.,0.,1.));
#2772 = ORIENTED_EDGE('',*,*,#2773,.F.);
#2773 = EDGE_CURVE('',#2774,#2766,#2776,.T.);
#2774 = VERTEX_POINT('',#2775);
#2775 = CARTESIAN_POINT('',(63.50100010002,-4.6,-9.));
#2776 = LINE('',#2777,#2778);
#2777 = CARTESIAN_POINT('',(-4.6,-4.6,-9.));
#2778 = VECTOR('',#2779,1.);
#2779 = DIRECTION('',(1.,0.,-0.));
#2780 = ORIENTED_EDGE('',*,*,#2781,.F.);
#2781 = EDGE_CURVE('',#2782,#2774,#2784,.T.);
#2782 = VERTEX_POINT('',#2783);
#2783 = CARTESIAN_POINT('',(62.,-4.6,-9.));
#2784 = LINE('',#2785,#2786);
#2785 = CARTESIAN_POINT('',(-4.6,-4.6,-9.));
#2786 = VECTOR('',#2787,1.);
#2787 = DIRECTION('',(1.,0.,-0.));
#2788 = ORIENTED_EDGE('',*,*,#2789,.T.);
#2789 = EDGE_CURVE('',#2782,#1115,#2790,.T.);
#2790 = LINE('',#2791,#2792);
#2791 = CARTESIAN_POINT('',(62.,-4.6,-9.));
#2792 = VECTOR('',#2793,1.);
#2793 = DIRECTION('',(0.,0.,1.));
#2794 = ORIENTED_EDGE('',*,*,#1114,.F.);
#2795 = FACE_BOUND('',#2796,.T.);
#2796 = EDGE_LOOP('',(#2797,#2798,#2804,#2805));
#2797 = ORIENTED_EDGE('',*,*,#2126,.T.);
#2798 = ORIENTED_EDGE('',*,*,#2799,.T.);
#2799 = EDGE_CURVE('',#2118,#2185,#2800,.T.);
#2800 = LINE('',#2801,#2802);
#2801 = CARTESIAN_POINT('',(9.,-4.6,-1.));
#2802 = VECTOR('',#2803,1.);
#2803 = DIRECTION('',(1.,0.,-0.));
#2804 = ORIENTED_EDGE('',*,*,#2193,.T.);
#2805 = ORIENTED_EDGE('',*,*,#2162,.F.);
#2806 = FACE_BOUND('',#2807,.T.);
#2807 = EDGE_LOOP('',(#2808,#2809,#2815,#2816));
#2808 = ORIENTED_EDGE('',*,*,#2227,.T.);
#2809 = ORIENTED_EDGE('',*,*,#2810,.T.);
#2810 = EDGE_CURVE('',#2219,#2303,#2811,.T.);
#2811 = LINE('',#2812,#2813);
#2812 = CARTESIAN_POINT('',(49.,-4.6,-1.));
#2813 = VECTOR('',#2814,1.);
#2814 = DIRECTION('',(1.,0.,-0.));
#2815 = ORIENTED_EDGE('',*,*,#2311,.T.);
#2816 = ORIENTED_EDGE('',*,*,#2280,.F.);
#2817 = PLANE('',#2818);
#2818 = AXIS2_PLACEMENT_3D('',#2819,#2820,#2821);
#2819 = CARTESIAN_POINT('',(32.,-4.6,6.303852889667));
#2820 = DIRECTION('',(-0.,-1.,-0.));
#2821 = DIRECTION('',(0.,0.,-1.));
#2822 = ADVANCED_FACE('',(#2823),#2842,.T.);
#2823 = FACE_BOUND('',#2824,.F.);
#2824 = EDGE_LOOP('',(#2825,#2833,#2840,#2841));
#2825 = ORIENTED_EDGE('',*,*,#2826,.F.);
#2826 = EDGE_CURVE('',#2827,#1123,#2829,.T.);
#2827 = VERTEX_POINT('',#2828);
#2828 = CARTESIAN_POINT('',(63.144552314225,-4.5,-9.));
#2829 = LINE('',#2830,#2831);
#2830 = CARTESIAN_POINT('',(63.144552314226,-4.5,-9.));
#2831 = VECTOR('',#2832,1.);
#2832 = DIRECTION('',(0.,0.,1.));
#2833 = ORIENTED_EDGE('',*,*,#2834,.T.);
#2834 = EDGE_CURVE('',#2827,#2782,#2835,.T.);
#2835 = CIRCLE('',#2836,6.6);
#2836 = AXIS2_PLACEMENT_3D('',#2837,#2838,#2839);
#2837 = CARTESIAN_POINT('',(62.,2.,-9.));
#2838 = DIRECTION('',(-0.,-0.,-1.));
#2839 = DIRECTION('',(0.,-1.,0.));
#2840 = ORIENTED_EDGE('',*,*,#2789,.T.);
#2841 = ORIENTED_EDGE('',*,*,#1122,.F.);
#2842 = CYLINDRICAL_SURFACE('',#2843,6.6);
#2843 = AXIS2_PLACEMENT_3D('',#2844,#2845,#2846);
#2844 = CARTESIAN_POINT('',(62.,2.,-9.));
#2845 = DIRECTION('',(0.,0.,1.));
#2846 = DIRECTION('',(1.,0.,-0.));
#2847 = ADVANCED_FACE('',(#2848),#2867,.T.);
#2848 = FACE_BOUND('',#2849,.T.);
#2849 = EDGE_LOOP('',(#2850,#2858,#2865,#2866));
#2850 = ORIENTED_EDGE('',*,*,#2851,.F.);
#2851 = EDGE_CURVE('',#2852,#1209,#2854,.T.);
#2852 = VERTEX_POINT('',#2853);
#2853 = CARTESIAN_POINT('',(63.144552314225,53.5,-9.));
#2854 = LINE('',#2855,#2856);
#2855 = CARTESIAN_POINT('',(63.144552314226,53.5,-9.));
#2856 = VECTOR('',#2857,1.);
#2857 = DIRECTION('',(0.,0.,1.));
#2858 = ORIENTED_EDGE('',*,*,#2859,.T.);
#2859 = EDGE_CURVE('',#2852,#2389,#2860,.T.);
#2860 = CIRCLE('',#2861,6.6);
#2861 = AXIS2_PLACEMENT_3D('',#2862,#2863,#2864);
#2862 = CARTESIAN_POINT('',(62.,47.,-9.));
#2863 = DIRECTION('',(0.,0.,1.));
#2864 = DIRECTION('',(0.,-1.,0.));
#2865 = ORIENTED_EDGE('',*,*,#2388,.T.);
#2866 = ORIENTED_EDGE('',*,*,#1216,.F.);
#2867 = CYLINDRICAL_SURFACE('',#2868,6.6);
#2868 = AXIS2_PLACEMENT_3D('',#2869,#2870,#2871);
#2869 = CARTESIAN_POINT('',(62.,47.,-9.));
#2870 = DIRECTION('',(0.,0.,1.));
#2871 = DIRECTION('',(1.,0.,-0.));
#2872 = ADVANCED_FACE('',(#2873),#2891,.F.);
#2873 = FACE_BOUND('',#2874,.F.);
#2874 = EDGE_LOOP('',(#2875,#2883,#2884,#2885));
#2875 = ORIENTED_EDGE('',*,*,#2876,.F.);
#2876 = EDGE_CURVE('',#2827,#2877,#2879,.T.);
#2877 = VERTEX_POINT('',#2878);
#2878 = CARTESIAN_POINT('',(63.5,-4.5,-9.));
#2879 = LINE('',#2880,#2881);
#2880 = CARTESIAN_POINT('',(63.,-4.5,-9.));
#2881 = VECTOR('',#2882,1.);
#2882 = DIRECTION('',(1.,0.,-0.));
#2883 = ORIENTED_EDGE('',*,*,#2826,.T.);
#2884 = ORIENTED_EDGE('',*,*,#1131,.T.);
#2885 = ORIENTED_EDGE('',*,*,#2886,.F.);
#2886 = EDGE_CURVE('',#2877,#1132,#2887,.T.);
#2887 = LINE('',#2888,#2889);
#2888 = CARTESIAN_POINT('',(63.5,-4.5,-9.));
#2889 = VECTOR('',#2890,1.);
#2890 = DIRECTION('',(0.,0.,1.));
#2891 = PLANE('',#2892);
#2892 = AXIS2_PLACEMENT_3D('',#2893,#2894,#2895);
#2893 = CARTESIAN_POINT('',(63.,-4.5,-9.));
#2894 = DIRECTION('',(-0.,1.,0.));
#2895 = DIRECTION('',(0.,0.,1.));
#2896 = ADVANCED_FACE('',(#2897),#2915,.T.);
#2897 = FACE_BOUND('',#2898,.T.);
#2898 = EDGE_LOOP('',(#2899,#2907,#2908,#2909));
#2899 = ORIENTED_EDGE('',*,*,#2900,.F.);
#2900 = EDGE_CURVE('',#2852,#2901,#2903,.T.);
#2901 = VERTEX_POINT('',#2902);
#2902 = CARTESIAN_POINT('',(63.5,53.5,-9.));
#2903 = LINE('',#2904,#2905);
#2904 = CARTESIAN_POINT('',(63.,53.5,-9.));
#2905 = VECTOR('',#2906,1.);
#2906 = DIRECTION('',(1.,0.,-0.));
#2907 = ORIENTED_EDGE('',*,*,#2851,.T.);
#2908 = ORIENTED_EDGE('',*,*,#1208,.T.);
#2909 = ORIENTED_EDGE('',*,*,#2910,.F.);
#2910 = EDGE_CURVE('',#2901,#1200,#2911,.T.);
#2911 = LINE('',#2912,#2913);
#2912 = CARTESIAN_POINT('',(63.5,53.5,-9.));
#2913 = VECTOR('',#2914,1.);
#2914 = DIRECTION('',(0.,0.,1.));
#2915 = PLANE('',#2916);
#2916 = AXIS2_PLACEMENT_3D('',#2917,#2918,#2919);
#2917 = CARTESIAN_POINT('',(63.,53.5,-9.));
#2918 = DIRECTION('',(-0.,1.,0.));
#2919 = DIRECTION('',(0.,0.,1.));
#2920 = ADVANCED_FACE('',(#2921),#2966,.T.);
#2921 = FACE_BOUND('',#2922,.T.);
#2922 = EDGE_LOOP('',(#2923,#2924,#2925,#2932,#2941,#2950,#2959,#2965));
#2923 = ORIENTED_EDGE('',*,*,#1139,.F.);
#2924 = ORIENTED_EDGE('',*,*,#2886,.F.);
#2925 = ORIENTED_EDGE('',*,*,#2926,.T.);
#2926 = EDGE_CURVE('',#2877,#2774,#2927,.T.);
#2927 = CIRCLE('',#2928,5.);
#2928 = AXIS2_PLACEMENT_3D('',#2929,#2930,#2931);
#2929 = CARTESIAN_POINT('',(68.5,-4.5,-9.));
#2930 = DIRECTION('',(0.,0.,1.));
#2931 = DIRECTION('',(1.,0.,-0.));
#2932 = ORIENTED_EDGE('',*,*,#2933,.T.);
#2933 = EDGE_CURVE('',#2774,#2934,#2936,.T.);
#2934 = VERTEX_POINT('',#2935);
#2935 = CARTESIAN_POINT('',(73.5,-4.5,-9.));
#2936 = CIRCLE('',#2937,5.);
#2937 = AXIS2_PLACEMENT_3D('',#2938,#2939,#2940);
#2938 = CARTESIAN_POINT('',(68.5,-4.5,-9.));
#2939 = DIRECTION('',(0.,0.,1.));
#2940 = DIRECTION('',(1.,0.,-0.));
#2941 = ORIENTED_EDGE('',*,*,#2942,.T.);
#2942 = EDGE_CURVE('',#2934,#2943,#2945,.T.);
#2943 = VERTEX_POINT('',#2944);
#2944 = CARTESIAN_POINT('',(68.6,0.49899989998,-9.));
#2945 = CIRCLE('',#2946,5.);
#2946 = AXIS2_PLACEMENT_3D('',#2947,#2948,#2949);
#2947 = CARTESIAN_POINT('',(68.5,-4.5,-9.));
#2948 = DIRECTION('',(0.,0.,1.));
#2949 = DIRECTION('',(1.,0.,-0.));
#2950 = ORIENTED_EDGE('',*,*,#2951,.T.);
#2951 = EDGE_CURVE('',#2943,#2952,#2954,.T.);
#2952 = VERTEX_POINT('',#2953);
#2953 = CARTESIAN_POINT('',(68.5,0.5,-9.));
#2954 = CIRCLE('',#2955,5.);
#2955 = AXIS2_PLACEMENT_3D('',#2956,#2957,#2958);
#2956 = CARTESIAN_POINT('',(68.5,-4.5,-9.));
#2957 = DIRECTION('',(0.,0.,1.));
#2958 = DIRECTION('',(1.,0.,-0.));
#2959 = ORIENTED_EDGE('',*,*,#2960,.T.);
#2960 = EDGE_CURVE('',#2952,#1149,#2961,.T.);
#2961 = LINE('',#2962,#2963);
#2962 = CARTESIAN_POINT('',(68.5,0.5,-9.));
#2963 = VECTOR('',#2964,1.);
#2964 = DIRECTION('',(0.,0.,1.));
#2965 = ORIENTED_EDGE('',*,*,#1148,.F.);
#2966 = CYLINDRICAL_SURFACE('',#2967,5.);
#2967 = AXIS2_PLACEMENT_3D('',#2968,#2969,#2970);
#2968 = CARTESIAN_POINT('',(68.5,-4.5,-9.));
#2969 = DIRECTION('',(0.,0.,1.));
#2970 = DIRECTION('',(1.,0.,-0.));
#2971 = ADVANCED_FACE('',(#2972),#3017,.T.);
#2972 = FACE_BOUND('',#2973,.T.);
#2973 = EDGE_LOOP('',(#2974,#2975,#2983,#2992,#3001,#3008,#3015,#3016));
#2974 = ORIENTED_EDGE('',*,*,#1190,.F.);
#2975 = ORIENTED_EDGE('',*,*,#2976,.F.);
#2976 = EDGE_CURVE('',#2977,#1183,#2979,.T.);
#2977 = VERTEX_POINT('',#2978);
#2978 = CARTESIAN_POINT('',(68.5,48.5,-9.));
#2979 = LINE('',#2980,#2981);
#2980 = CARTESIAN_POINT('',(68.5,48.5,-9.));
#2981 = VECTOR('',#2982,1.);
#2982 = DIRECTION('',(0.,0.,1.));
#2983 = ORIENTED_EDGE('',*,*,#2984,.T.);
#2984 = EDGE_CURVE('',#2977,#2985,#2987,.T.);
#2985 = VERTEX_POINT('',#2986);
#2986 = CARTESIAN_POINT('',(68.6,48.50100010002,-9.));
#2987 = CIRCLE('',#2988,5.);
#2988 = AXIS2_PLACEMENT_3D('',#2989,#2990,#2991);
#2989 = CARTESIAN_POINT('',(68.5,53.5,-9.));
#2990 = DIRECTION('',(0.,0.,1.));
#2991 = DIRECTION('',(1.,0.,-0.));
#2992 = ORIENTED_EDGE('',*,*,#2993,.T.);
#2993 = EDGE_CURVE('',#2985,#2994,#2996,.T.);
#2994 = VERTEX_POINT('',#2995);
#2995 = CARTESIAN_POINT('',(73.5,53.5,-9.));
#2996 = CIRCLE('',#2997,5.);
#2997 = AXIS2_PLACEMENT_3D('',#2998,#2999,#3000);
#2998 = CARTESIAN_POINT('',(68.5,53.5,-9.));
#2999 = DIRECTION('',(0.,0.,1.));
#3000 = DIRECTION('',(1.,0.,-0.));
#3001 = ORIENTED_EDGE('',*,*,#3002,.T.);
#3002 = EDGE_CURVE('',#2994,#2397,#3003,.T.);
#3003 = CIRCLE('',#3004,5.);
#3004 = AXIS2_PLACEMENT_3D('',#3005,#3006,#3007);
#3005 = CARTESIAN_POINT('',(68.5,53.5,-9.));
#3006 = DIRECTION('',(0.,0.,1.));
#3007 = DIRECTION('',(1.,0.,-0.));
#3008 = ORIENTED_EDGE('',*,*,#3009,.T.);
#3009 = EDGE_CURVE('',#2397,#2901,#3010,.T.);
#3010 = CIRCLE('',#3011,5.);
#3011 = AXIS2_PLACEMENT_3D('',#3012,#3013,#3014);
#3012 = CARTESIAN_POINT('',(68.5,53.5,-9.));
#3013 = DIRECTION('',(0.,0.,1.));
#3014 = DIRECTION('',(1.,0.,-0.));
#3015 = ORIENTED_EDGE('',*,*,#2910,.T.);
#3016 = ORIENTED_EDGE('',*,*,#1199,.F.);
#3017 = CYLINDRICAL_SURFACE('',#3018,5.);
#3018 = AXIS2_PLACEMENT_3D('',#3019,#3020,#3021);
#3019 = CARTESIAN_POINT('',(68.5,53.5,-9.));
#3020 = DIRECTION('',(0.,0.,1.));
#3021 = DIRECTION('',(1.,0.,-0.));
#3022 = ADVANCED_FACE('',(#3023),#3034,.T.);
#3023 = FACE_BOUND('',#3024,.T.);
#3024 = EDGE_LOOP('',(#3025,#3026,#3032,#3033));
#3025 = ORIENTED_EDGE('',*,*,#2960,.F.);
#3026 = ORIENTED_EDGE('',*,*,#3027,.T.);
#3027 = EDGE_CURVE('',#2952,#1849,#3028,.T.);
#3028 = LINE('',#3029,#3030);
#3029 = CARTESIAN_POINT('',(68.5,-4.5,-9.));
#3030 = VECTOR('',#3031,1.);
#3031 = DIRECTION('',(-0.,1.,0.));
#3032 = ORIENTED_EDGE('',*,*,#1857,.T.);
#3033 = ORIENTED_EDGE('',*,*,#1157,.F.);
#3034 = PLANE('',#3035);
#3035 = AXIS2_PLACEMENT_3D('',#3036,#3037,#3038);
#3036 = CARTESIAN_POINT('',(68.5,-4.5,-9.));
#3037 = DIRECTION('',(1.,0.,-0.));
#3038 = DIRECTION('',(0.,0.,1.));
#3039 = ADVANCED_FACE('',(#3040),#3051,.T.);
#3040 = FACE_BOUND('',#3041,.T.);
#3041 = EDGE_LOOP('',(#3042,#3043,#3049,#3050));
#3042 = ORIENTED_EDGE('',*,*,#1883,.F.);
#3043 = ORIENTED_EDGE('',*,*,#3044,.T.);
#3044 = EDGE_CURVE('',#1875,#2977,#3045,.T.);
#3045 = LINE('',#3046,#3047);
#3046 = CARTESIAN_POINT('',(68.5,48.,-9.));
#3047 = VECTOR('',#3048,1.);
#3048 = DIRECTION('',(-0.,1.,0.));
#3049 = ORIENTED_EDGE('',*,*,#2976,.T.);
#3050 = ORIENTED_EDGE('',*,*,#1182,.F.);
#3051 = PLANE('',#3052);
#3052 = AXIS2_PLACEMENT_3D('',#3053,#3054,#3055);
#3053 = CARTESIAN_POINT('',(68.5,48.,-9.));
#3054 = DIRECTION('',(1.,0.,-0.));
#3055 = DIRECTION('',(0.,0.,1.));
#3056 = ADVANCED_FACE('',(#3057),#3076,.F.);
#3057 = FACE_BOUND('',#3058,.F.);
#3058 = EDGE_LOOP('',(#3059,#3060,#3068,#3075));
#3059 = ORIENTED_EDGE('',*,*,#1276,.F.);
#3060 = ORIENTED_EDGE('',*,*,#3061,.F.);
#3061 = EDGE_CURVE('',#3062,#1277,#3064,.T.);
#3062 = VERTEX_POINT('',#3063);
#3063 = CARTESIAN_POINT('',(-2.5,-4.5,22.));
#3064 = LINE('',#3065,#3066);
#3065 = CARTESIAN_POINT('',(-2.5,-4.5,22.));
#3066 = VECTOR('',#3067,1.);
#3067 = DIRECTION('',(0.,0.,1.));
#3068 = ORIENTED_EDGE('',*,*,#3069,.T.);
#3069 = EDGE_CURVE('',#3062,#3062,#3070,.T.);
#3070 = CIRCLE('',#3071,2.);
#3071 = AXIS2_PLACEMENT_3D('',#3072,#3073,#3074);
#3072 = CARTESIAN_POINT('',(-4.5,-4.5,22.));
#3073 = DIRECTION('',(0.,0.,1.));
#3074 = DIRECTION('',(1.,0.,-0.));
#3075 = ORIENTED_EDGE('',*,*,#3061,.T.);
#3076 = CYLINDRICAL_SURFACE('',#3077,2.);
#3077 = AXIS2_PLACEMENT_3D('',#3078,#3079,#3080);
#3078 = CARTESIAN_POINT('',(-4.5,-4.5,22.));
#3079 = DIRECTION('',(0.,0.,1.));
#3080 = DIRECTION('',(1.,0.,-0.));
#3081 = ADVANCED_FACE('',(#3082),#3101,.F.);
#3082 = FACE_BOUND('',#3083,.F.);
#3083 = EDGE_LOOP('',(#3084,#3085,#3093,#3100));
#3084 = ORIENTED_EDGE('',*,*,#1287,.F.);
#3085 = ORIENTED_EDGE('',*,*,#3086,.F.);
#3086 = EDGE_CURVE('',#3087,#1288,#3089,.T.);
#3087 = VERTEX_POINT('',#3088);
#3088 = CARTESIAN_POINT('',(70.5,-4.5,22.));
#3089 = LINE('',#3090,#3091);
#3090 = CARTESIAN_POINT('',(70.5,-4.5,22.));
#3091 = VECTOR('',#3092,1.);
#3092 = DIRECTION('',(0.,0.,1.));
#3093 = ORIENTED_EDGE('',*,*,#3094,.T.);
#3094 = EDGE_CURVE('',#3087,#3087,#3095,.T.);
#3095 = CIRCLE('',#3096,2.);
#3096 = AXIS2_PLACEMENT_3D('',#3097,#3098,#3099);
#3097 = CARTESIAN_POINT('',(68.5,-4.5,22.));
#3098 = DIRECTION('',(0.,0.,1.));
#3099 = DIRECTION('',(1.,0.,-0.));
#3100 = ORIENTED_EDGE('',*,*,#3086,.T.);
#3101 = CYLINDRICAL_SURFACE('',#3102,2.);
#3102 = AXIS2_PLACEMENT_3D('',#3103,#3104,#3105);
#3103 = CARTESIAN_POINT('',(68.5,-4.5,22.));
#3104 = DIRECTION('',(0.,0.,1.));
#3105 = DIRECTION('',(1.,0.,-0.));
#3106 = ADVANCED_FACE('',(#3107),#3126,.F.);
#3107 = FACE_BOUND('',#3108,.F.);
#3108 = EDGE_LOOP('',(#3109,#3110,#3118,#3125));
#3109 = ORIENTED_EDGE('',*,*,#1298,.F.);
#3110 = ORIENTED_EDGE('',*,*,#3111,.F.);
#3111 = EDGE_CURVE('',#3112,#1299,#3114,.T.);
#3112 = VERTEX_POINT('',#3113);
#3113 = CARTESIAN_POINT('',(-2.5,53.5,22.));
#3114 = LINE('',#3115,#3116);
#3115 = CARTESIAN_POINT('',(-2.5,53.5,22.));
#3116 = VECTOR('',#3117,1.);
#3117 = DIRECTION('',(0.,0.,1.));
#3118 = ORIENTED_EDGE('',*,*,#3119,.T.);
#3119 = EDGE_CURVE('',#3112,#3112,#3120,.T.);
#3120 = CIRCLE('',#3121,2.);
#3121 = AXIS2_PLACEMENT_3D('',#3122,#3123,#3124);
#3122 = CARTESIAN_POINT('',(-4.5,53.5,22.));
#3123 = DIRECTION('',(0.,0.,1.));
#3124 = DIRECTION('',(1.,0.,-0.));
#3125 = ORIENTED_EDGE('',*,*,#3111,.T.);
#3126 = CYLINDRICAL_SURFACE('',#3127,2.);
#3127 = AXIS2_PLACEMENT_3D('',#3128,#3129,#3130);
#3128 = CARTESIAN_POINT('',(-4.5,53.5,22.));
#3129 = DIRECTION('',(0.,0.,1.));
#3130 = DIRECTION('',(1.,0.,-0.));
#3131 = ADVANCED_FACE('',(#3132),#3158,.F.);
#3132 = FACE_BOUND('',#3133,.F.);
#3133 = EDGE_LOOP('',(#3134,#3142,#3151,#3157));
#3134 = ORIENTED_EDGE('',*,*,#3135,.F.);
#3135 = EDGE_CURVE('',#3136,#1310,#3138,.T.);
#3136 = VERTEX_POINT('',#3137);
#3137 = CARTESIAN_POINT('',(-3.5,2.,27.4));
#3138 = LINE('',#3139,#3140);
#3139 = CARTESIAN_POINT('',(-3.5,2.,27.4));
#3140 = VECTOR('',#3141,1.);
#3141 = DIRECTION('',(0.,0.,1.));
#3142 = ORIENTED_EDGE('',*,*,#3143,.T.);
#3143 = EDGE_CURVE('',#3136,#3144,#3146,.T.);
#3144 = VERTEX_POINT('',#3145);
#3145 = CARTESIAN_POINT('',(2.,-3.5,27.4));
#3146 = CIRCLE('',#3147,5.5);
#3147 = AXIS2_PLACEMENT_3D('',#3148,#3149,#3150);
#3148 = CARTESIAN_POINT('',(2.,2.,27.4));
#3149 = DIRECTION('',(0.,0.,1.));
#3150 = DIRECTION('',(0.,-1.,0.));
#3151 = ORIENTED_EDGE('',*,*,#3152,.T.);
#3152 = EDGE_CURVE('',#3144,#1312,#3153,.T.);
#3153 = LINE('',#3154,#3155);
#3154 = CARTESIAN_POINT('',(2.,-3.5,27.4));
#3155 = VECTOR('',#3156,1.);
#3156 = DIRECTION('',(0.,0.,1.));
#3157 = ORIENTED_EDGE('',*,*,#1309,.F.);
#3158 = CYLINDRICAL_SURFACE('',#3159,5.5);
#3159 = AXIS2_PLACEMENT_3D('',#3160,#3161,#3162);
#3160 = CARTESIAN_POINT('',(2.,2.,27.4));
#3161 = DIRECTION('',(0.,0.,1.));
#3162 = DIRECTION('',(-1.,-0.,0.));
#3163 = ADVANCED_FACE('',(#3164),#3182,.T.);
#3164 = FACE_BOUND('',#3165,.T.);
#3165 = EDGE_LOOP('',(#3166,#3167,#3168,#3176));
#3166 = ORIENTED_EDGE('',*,*,#1320,.F.);
#3167 = ORIENTED_EDGE('',*,*,#3135,.F.);
#3168 = ORIENTED_EDGE('',*,*,#3169,.T.);
#3169 = EDGE_CURVE('',#3136,#3170,#3172,.T.);
#3170 = VERTEX_POINT('',#3171);
#3171 = CARTESIAN_POINT('',(-3.5,47.,27.4));
#3172 = LINE('',#3173,#3174);
#3173 = CARTESIAN_POINT('',(-3.5,-3.5,27.4));
#3174 = VECTOR('',#3175,1.);
#3175 = DIRECTION('',(-0.,1.,0.));
#3176 = ORIENTED_EDGE('',*,*,#3177,.T.);
#3177 = EDGE_CURVE('',#3170,#1321,#3178,.T.);
#3178 = LINE('',#3179,#3180);
#3179 = CARTESIAN_POINT('',(-3.5,47.,27.4));
#3180 = VECTOR('',#3181,1.);
#3181 = DIRECTION('',(0.,0.,1.));
#3182 = PLANE('',#3183);
#3183 = AXIS2_PLACEMENT_3D('',#3184,#3185,#3186);
#3184 = CARTESIAN_POINT('',(-3.5,-3.5,27.4));
#3185 = DIRECTION('',(1.,0.,-0.));
#3186 = DIRECTION('',(0.,0.,1.));
#3187 = ADVANCED_FACE('',(#3188),#3206,.T.);
#3188 = FACE_BOUND('',#3189,.T.);
#3189 = EDGE_LOOP('',(#3190,#3198,#3199,#3200));
#3190 = ORIENTED_EDGE('',*,*,#3191,.F.);
#3191 = EDGE_CURVE('',#3144,#3192,#3194,.T.);
#3192 = VERTEX_POINT('',#3193);
#3193 = CARTESIAN_POINT('',(62.,-3.5,27.4));
#3194 = LINE('',#3195,#3196);
#3195 = CARTESIAN_POINT('',(-3.5,-3.5,27.4));
#3196 = VECTOR('',#3197,1.);
#3197 = DIRECTION('',(1.,0.,-0.));
#3198 = ORIENTED_EDGE('',*,*,#3152,.T.);
#3199 = ORIENTED_EDGE('',*,*,#1371,.F.);
#3200 = ORIENTED_EDGE('',*,*,#3201,.F.);
#3201 = EDGE_CURVE('',#3192,#1363,#3202,.T.);
#3202 = LINE('',#3203,#3204);
#3203 = CARTESIAN_POINT('',(62.,-3.5,27.4));
#3204 = VECTOR('',#3205,1.);
#3205 = DIRECTION('',(0.,0.,1.));
#3206 = PLANE('',#3207);
#3207 = AXIS2_PLACEMENT_3D('',#3208,#3209,#3210);
#3208 = CARTESIAN_POINT('',(-3.5,-3.5,27.4));
#3209 = DIRECTION('',(-0.,1.,0.));
#3210 = DIRECTION('',(0.,0.,1.));
#3211 = ADVANCED_FACE('',(#3212),#3231,.F.);
#3212 = FACE_BOUND('',#3213,.T.);
#3213 = EDGE_LOOP('',(#3214,#3215,#3224,#3230));
#3214 = ORIENTED_EDGE('',*,*,#3177,.F.);
#3215 = ORIENTED_EDGE('',*,*,#3216,.T.);
#3216 = EDGE_CURVE('',#3170,#3217,#3219,.T.);
#3217 = VERTEX_POINT('',#3218);
#3218 = CARTESIAN_POINT('',(2.,52.5,27.4));
#3219 = CIRCLE('',#3220,5.5);
#3220 = AXIS2_PLACEMENT_3D('',#3221,#3222,#3223);
#3221 = CARTESIAN_POINT('',(2.,47.,27.4));
#3222 = DIRECTION('',(-0.,-0.,-1.));
#3223 = DIRECTION('',(0.,-1.,0.));
#3224 = ORIENTED_EDGE('',*,*,#3225,.T.);
#3225 = EDGE_CURVE('',#3217,#1329,#3226,.T.);
#3226 = LINE('',#3227,#3228);
#3227 = CARTESIAN_POINT('',(2.,52.5,27.4));
#3228 = VECTOR('',#3229,1.);
#3229 = DIRECTION('',(0.,0.,1.));
#3230 = ORIENTED_EDGE('',*,*,#1328,.T.);
#3231 = CYLINDRICAL_SURFACE('',#3232,5.5);
#3232 = AXIS2_PLACEMENT_3D('',#3233,#3234,#3235);
#3233 = CARTESIAN_POINT('',(2.,47.,27.4));
#3234 = DIRECTION('',(0.,0.,1.));
#3235 = DIRECTION('',(-1.,-0.,0.));
#3236 = ADVANCED_FACE('',(#3237),#3256,.F.);
#3237 = FACE_BOUND('',#3238,.T.);
#3238 = EDGE_LOOP('',(#3239,#3247,#3254,#3255));
#3239 = ORIENTED_EDGE('',*,*,#3240,.F.);
#3240 = EDGE_CURVE('',#3241,#1355,#3243,.T.);
#3241 = VERTEX_POINT('',#3242);
#3242 = CARTESIAN_POINT('',(67.5,2.,27.4));
#3243 = LINE('',#3244,#3245);
#3244 = CARTESIAN_POINT('',(67.5,2.,27.4));
#3245 = VECTOR('',#3246,1.);
#3246 = DIRECTION('',(0.,0.,1.));
#3247 = ORIENTED_EDGE('',*,*,#3248,.T.);
#3248 = EDGE_CURVE('',#3241,#3192,#3249,.T.);
#3249 = CIRCLE('',#3250,5.5);
#3250 = AXIS2_PLACEMENT_3D('',#3251,#3252,#3253);
#3251 = CARTESIAN_POINT('',(62.,2.,27.4));
#3252 = DIRECTION('',(-0.,-0.,-1.));
#3253 = DIRECTION('',(0.,-1.,0.));
#3254 = ORIENTED_EDGE('',*,*,#3201,.T.);
#3255 = ORIENTED_EDGE('',*,*,#1362,.T.);
#3256 = CYLINDRICAL_SURFACE('',#3257,5.5);
#3257 = AXIS2_PLACEMENT_3D('',#3258,#3259,#3260);
#3258 = CARTESIAN_POINT('',(62.,2.,27.4));
#3259 = DIRECTION('',(0.,0.,1.));
#3260 = DIRECTION('',(1.,0.,-0.));
#3261 = ADVANCED_FACE('',(#3262),#3280,.F.);
#3262 = FACE_BOUND('',#3263,.F.);
#3263 = EDGE_LOOP('',(#3264,#3272,#3273,#3274));
#3264 = ORIENTED_EDGE('',*,*,#3265,.F.);
#3265 = EDGE_CURVE('',#3217,#3266,#3268,.T.);
#3266 = VERTEX_POINT('',#3267);
#3267 = CARTESIAN_POINT('',(62.,52.5,27.4));
#3268 = LINE('',#3269,#3270);
#3269 = CARTESIAN_POINT('',(-3.5,52.5,27.4));
#3270 = VECTOR('',#3271,1.);
#3271 = DIRECTION('',(1.,0.,-0.));
#3272 = ORIENTED_EDGE('',*,*,#3225,.T.);
#3273 = ORIENTED_EDGE('',*,*,#1337,.F.);
#3274 = ORIENTED_EDGE('',*,*,#3275,.F.);
#3275 = EDGE_CURVE('',#3266,#1338,#3276,.T.);
#3276 = LINE('',#3277,#3278);
#3277 = CARTESIAN_POINT('',(62.,52.5,27.4));
#3278 = VECTOR('',#3279,1.);
#3279 = DIRECTION('',(0.,0.,1.));
#3280 = PLANE('',#3281);
#3281 = AXIS2_PLACEMENT_3D('',#3282,#3283,#3284);
#3282 = CARTESIAN_POINT('',(-3.5,52.5,27.4));
#3283 = DIRECTION('',(-0.,1.,0.));
#3284 = DIRECTION('',(0.,0.,1.));
#3285 = ADVANCED_FACE('',(#3286),#3304,.F.);
#3286 = FACE_BOUND('',#3287,.F.);
#3287 = EDGE_LOOP('',(#3288,#3289,#3290,#3298));
#3288 = ORIENTED_EDGE('',*,*,#1354,.F.);
#3289 = ORIENTED_EDGE('',*,*,#3240,.F.);
#3290 = ORIENTED_EDGE('',*,*,#3291,.T.);
#3291 = EDGE_CURVE('',#3241,#3292,#3294,.T.);
#3292 = VERTEX_POINT('',#3293);
#3293 = CARTESIAN_POINT('',(67.5,47.,27.4));
#3294 = LINE('',#3295,#3296);
#3295 = CARTESIAN_POINT('',(67.5,-3.5,27.4));
#3296 = VECTOR('',#3297,1.);
#3297 = DIRECTION('',(-0.,1.,0.));
#3298 = ORIENTED_EDGE('',*,*,#3299,.T.);
#3299 = EDGE_CURVE('',#3292,#1346,#3300,.T.);
#3300 = LINE('',#3301,#3302);
#3301 = CARTESIAN_POINT('',(67.5,47.,27.4));
#3302 = VECTOR('',#3303,1.);
#3303 = DIRECTION('',(0.,0.,1.));
#3304 = PLANE('',#3305);
#3305 = AXIS2_PLACEMENT_3D('',#3306,#3307,#3308);
#3306 = CARTESIAN_POINT('',(67.5,-3.5,27.4));
#3307 = DIRECTION('',(1.,0.,-0.));
#3308 = DIRECTION('',(0.,0.,1.));
#3309 = ADVANCED_FACE('',(#3310),#3322,.F.);
#3310 = FACE_BOUND('',#3311,.F.);
#3311 = EDGE_LOOP('',(#3312,#3313,#3320,#3321));
#3312 = ORIENTED_EDGE('',*,*,#3299,.F.);
#3313 = ORIENTED_EDGE('',*,*,#3314,.T.);
#3314 = EDGE_CURVE('',#3292,#3266,#3315,.T.);
#3315 = CIRCLE('',#3316,5.5);
#3316 = AXIS2_PLACEMENT_3D('',#3317,#3318,#3319);
#3317 = CARTESIAN_POINT('',(62.,47.,27.4));
#3318 = DIRECTION('',(0.,0.,1.));
#3319 = DIRECTION('',(0.,-1.,0.));
#3320 = ORIENTED_EDGE('',*,*,#3275,.T.);
#3321 = ORIENTED_EDGE('',*,*,#1345,.F.);
#3322 = CYLINDRICAL_SURFACE('',#3323,5.5);
#3323 = AXIS2_PLACEMENT_3D('',#3324,#3325,#3326);
#3324 = CARTESIAN_POINT('',(62.,47.,27.4));
#3325 = DIRECTION('',(0.,0.,1.));
#3326 = DIRECTION('',(1.,0.,-0.));
#3327 = ADVANCED_FACE('',(#3328),#3347,.F.);
#3328 = FACE_BOUND('',#3329,.F.);
#3329 = EDGE_LOOP('',(#3330,#3331,#3339,#3346));
#3330 = ORIENTED_EDGE('',*,*,#1379,.F.);
#3331 = ORIENTED_EDGE('',*,*,#3332,.F.);
#3332 = EDGE_CURVE('',#3333,#1380,#3335,.T.);
#3333 = VERTEX_POINT('',#3334);
#3334 = CARTESIAN_POINT('',(70.5,53.5,22.));
#3335 = LINE('',#3336,#3337);
#3336 = CARTESIAN_POINT('',(70.5,53.5,22.));
#3337 = VECTOR('',#3338,1.);
#3338 = DIRECTION('',(0.,0.,1.));
#3339 = ORIENTED_EDGE('',*,*,#3340,.T.);
#3340 = EDGE_CURVE('',#3333,#3333,#3341,.T.);
#3341 = CIRCLE('',#3342,2.);
#3342 = AXIS2_PLACEMENT_3D('',#3343,#3344,#3345);
#3343 = CARTESIAN_POINT('',(68.5,53.5,22.));
#3344 = DIRECTION('',(0.,0.,1.));
#3345 = DIRECTION('',(1.,0.,-0.));
#3346 = ORIENTED_EDGE('',*,*,#3332,.T.);
#3347 = CYLINDRICAL_SURFACE('',#3348,2.);
#3348 = AXIS2_PLACEMENT_3D('',#3349,#3350,#3351);
#3349 = CARTESIAN_POINT('',(68.5,53.5,22.));
#3350 = DIRECTION('',(0.,0.,1.));
#3351 = DIRECTION('',(1.,0.,-0.));
#3352 = ADVANCED_FACE('',(#3353),#3372,.T.);
#3353 = FACE_BOUND('',#3354,.T.);
#3354 = EDGE_LOOP('',(#3355,#3363,#3364,#3365,#3366));
#3355 = ORIENTED_EDGE('',*,*,#3356,.F.);
#3356 = EDGE_CURVE('',#2560,#3357,#3359,.T.);
#3357 = VERTEX_POINT('',#3358);
#3358 = CARTESIAN_POINT('',(-4.6,1.4,-9.));
#3359 = LINE('',#3360,#3361);
#3360 = CARTESIAN_POINT('',(-4.6,-4.6,-9.));
#3361 = VECTOR('',#3362,1.);
#3362 = DIRECTION('',(-0.,1.,0.));
#3363 = ORIENTED_EDGE('',*,*,#2559,.F.);
#3364 = ORIENTED_EDGE('',*,*,#2519,.T.);
#3365 = ORIENTED_EDGE('',*,*,#1406,.F.);
#3366 = ORIENTED_EDGE('',*,*,#3367,.F.);
#3367 = EDGE_CURVE('',#3357,#1398,#3368,.T.);
#3368 = LINE('',#3369,#3370);
#3369 = CARTESIAN_POINT('',(-4.6,1.4,-9.));
#3370 = VECTOR('',#3371,1.);
#3371 = DIRECTION('',(1.,0.,-0.));
#3372 = PLANE('',#3373);
#3373 = AXIS2_PLACEMENT_3D('',#3374,#3375,#3376);
#3374 = CARTESIAN_POINT('',(-4.6,-4.6,-9.));
#3375 = DIRECTION('',(0.,0.,1.));
#3376 = DIRECTION('',(1.,0.,-0.));
#3377 = ADVANCED_FACE('',(#3378),#3397,.T.);
#3378 = FACE_BOUND('',#3379,.T.);
#3379 = EDGE_LOOP('',(#3380,#3388,#3394,#3395,#3396));
#3380 = ORIENTED_EDGE('',*,*,#3381,.F.);
#3381 = EDGE_CURVE('',#3382,#2619,#3384,.T.);
#3382 = VERTEX_POINT('',#3383);
#3383 = CARTESIAN_POINT('',(-4.6,47.6,-9.));
#3384 = LINE('',#3385,#3386);
#3385 = CARTESIAN_POINT('',(-4.6,47.6,-9.));
#3386 = VECTOR('',#3387,1.);
#3387 = DIRECTION('',(-0.,1.,0.));
#3388 = ORIENTED_EDGE('',*,*,#3389,.T.);
#3389 = EDGE_CURVE('',#3382,#1432,#3390,.T.);
#3390 = LINE('',#3391,#3392);
#3391 = CARTESIAN_POINT('',(-4.6,47.6,-9.));
#3392 = VECTOR('',#3393,1.);
#3393 = DIRECTION('',(1.,0.,-0.));
#3394 = ORIENTED_EDGE('',*,*,#1440,.T.);
#3395 = ORIENTED_EDGE('',*,*,#2536,.T.);
#3396 = ORIENTED_EDGE('',*,*,#2627,.F.);
#3397 = PLANE('',#3398);
#3398 = AXIS2_PLACEMENT_3D('',#3399,#3400,#3401);
#3399 = CARTESIAN_POINT('',(-4.6,47.6,-9.));
#3400 = DIRECTION('',(0.,0.,1.));
#3401 = DIRECTION('',(1.,0.,-0.));
#3402 = ADVANCED_FACE('',(#3403),#3437,.T.);
#3403 = FACE_BOUND('',#3404,.T.);
#3404 = EDGE_LOOP('',(#3405,#3415,#3421,#3422,#3423,#3431));
#3405 = ORIENTED_EDGE('',*,*,#3406,.F.);
#3406 = EDGE_CURVE('',#3407,#3409,#3411,.T.);
#3407 = VERTEX_POINT('',#3408);
#3408 = CARTESIAN_POINT('',(-4.6,1.4,-12.));
#3409 = VERTEX_POINT('',#3410);
#3410 = CARTESIAN_POINT('',(68.6,1.4,-12.));
#3411 = LINE('',#3412,#3413);
#3412 = CARTESIAN_POINT('',(-4.6,1.4,-12.));
#3413 = VECTOR('',#3414,1.);
#3414 = DIRECTION('',(1.,0.,-0.));
#3415 = ORIENTED_EDGE('',*,*,#3416,.T.);
#3416 = EDGE_CURVE('',#3407,#3357,#3417,.T.);
#3417 = LINE('',#3418,#3419);
#3418 = CARTESIAN_POINT('',(-4.6,1.4,-12.));
#3419 = VECTOR('',#3420,1.);
#3420 = DIRECTION('',(0.,0.,1.));
#3421 = ORIENTED_EDGE('',*,*,#3367,.T.);
#3422 = ORIENTED_EDGE('',*,*,#1492,.T.);
#3423 = ORIENTED_EDGE('',*,*,#3424,.T.);
#3424 = EDGE_CURVE('',#1484,#3425,#3427,.T.);
#3425 = VERTEX_POINT('',#3426);
#3426 = CARTESIAN_POINT('',(68.6,1.4,-9.));
#3427 = LINE('',#3428,#3429);
#3428 = CARTESIAN_POINT('',(-4.6,1.4,-9.));
#3429 = VECTOR('',#3430,1.);
#3430 = DIRECTION('',(1.,0.,-0.));
#3431 = ORIENTED_EDGE('',*,*,#3432,.F.);
#3432 = EDGE_CURVE('',#3409,#3425,#3433,.T.);
#3433 = LINE('',#3434,#3435);
#3434 = CARTESIAN_POINT('',(68.6,1.4,-12.));
#3435 = VECTOR('',#3436,1.);
#3436 = DIRECTION('',(0.,0.,1.));
#3437 = PLANE('',#3438);
#3438 = AXIS2_PLACEMENT_3D('',#3439,#3440,#3441);
#3439 = CARTESIAN_POINT('',(-4.6,1.4,-12.));
#3440 = DIRECTION('',(-0.,1.,0.));
#3441 = DIRECTION('',(0.,0.,1.));
#3442 = ADVANCED_FACE('',(#3443),#3477,.F.);
#3443 = FACE_BOUND('',#3444,.F.);
#3444 = EDGE_LOOP('',(#3445,#3455,#3461,#3462,#3463,#3471));
#3445 = ORIENTED_EDGE('',*,*,#3446,.F.);
#3446 = EDGE_CURVE('',#3447,#3449,#3451,.T.);
#3447 = VERTEX_POINT('',#3448);
#3448 = CARTESIAN_POINT('',(-4.6,47.6,-12.));
#3449 = VERTEX_POINT('',#3450);
#3450 = CARTESIAN_POINT('',(68.6,47.6,-12.));
#3451 = LINE('',#3452,#3453);
#3452 = CARTESIAN_POINT('',(-4.6,47.6,-12.));
#3453 = VECTOR('',#3454,1.);
#3454 = DIRECTION('',(1.,0.,-0.));
#3455 = ORIENTED_EDGE('',*,*,#3456,.T.);
#3456 = EDGE_CURVE('',#3447,#3382,#3457,.T.);
#3457 = LINE('',#3458,#3459);
#3458 = CARTESIAN_POINT('',(-4.6,47.6,-12.));
#3459 = VECTOR('',#3460,1.);
#3460 = DIRECTION('',(0.,0.,1.));
#3461 = ORIENTED_EDGE('',*,*,#3389,.T.);
#3462 = ORIENTED_EDGE('',*,*,#1467,.T.);
#3463 = ORIENTED_EDGE('',*,*,#3464,.T.);
#3464 = EDGE_CURVE('',#1468,#3465,#3467,.T.);
#3465 = VERTEX_POINT('',#3466);
#3466 = CARTESIAN_POINT('',(68.6,47.6,-9.));
#3467 = LINE('',#3468,#3469);
#3468 = CARTESIAN_POINT('',(-4.6,47.6,-9.));
#3469 = VECTOR('',#3470,1.);
#3470 = DIRECTION('',(1.,0.,-0.));
#3471 = ORIENTED_EDGE('',*,*,#3472,.F.);
#3472 = EDGE_CURVE('',#3449,#3465,#3473,.T.);
#3473 = LINE('',#3474,#3475);
#3474 = CARTESIAN_POINT('',(68.6,47.6,-12.));
#3475 = VECTOR('',#3476,1.);
#3476 = DIRECTION('',(0.,0.,1.));
#3477 = PLANE('',#3478);
#3478 = AXIS2_PLACEMENT_3D('',#3479,#3480,#3481);
#3479 = CARTESIAN_POINT('',(-4.6,47.6,-12.));
#3480 = DIRECTION('',(-0.,1.,0.));
#3481 = DIRECTION('',(0.,0.,1.));
#3482 = ADVANCED_FACE('',(#3483,#3517,#3520),#3554,.T.);
#3483 = FACE_BOUND('',#3484,.T.);
#3484 = EDGE_LOOP('',(#3485,#3495,#3503,#3511));
#3485 = ORIENTED_EDGE('',*,*,#3486,.F.);
#3486 = EDGE_CURVE('',#3487,#3489,#3491,.T.);
#3487 = VERTEX_POINT('',#3488);
#3488 = CARTESIAN_POINT('',(-4.440892098501E-16,2.,29.));
#3489 = VERTEX_POINT('',#3490);
#3490 = CARTESIAN_POINT('',(-4.440892098501E-16,47.,29.));
#3491 = LINE('',#3492,#3493);
#3492 = CARTESIAN_POINT('',(0.,12.25,29.));
#3493 = VECTOR('',#3494,1.);
#3494 = DIRECTION('',(-0.,1.,0.));
#3495 = ORIENTED_EDGE('',*,*,#3496,.F.);
#3496 = EDGE_CURVE('',#3497,#3487,#3499,.T.);
#3497 = VERTEX_POINT('',#3498);
#3498 = CARTESIAN_POINT('',(-4.440892098501E-16,2.,0.));
#3499 = LINE('',#3500,#3501);
#3500 = CARTESIAN_POINT('',(-4.440892098501E-16,2.,0.));
#3501 = VECTOR('',#3502,1.);
#3502 = DIRECTION('',(0.,0.,1.));
#3503 = ORIENTED_EDGE('',*,*,#3504,.T.);
#3504 = EDGE_CURVE('',#3497,#3505,#3507,.T.);
#3505 = VERTEX_POINT('',#3506);
#3506 = CARTESIAN_POINT('',(-4.440892098501E-16,47.,0.));
#3507 = LINE('',#3508,#3509);
#3508 = CARTESIAN_POINT('',(0.,0.,0.));
#3509 = VECTOR('',#3510,1.);
#3510 = DIRECTION('',(-0.,1.,0.));
#3511 = ORIENTED_EDGE('',*,*,#3512,.T.);
#3512 = EDGE_CURVE('',#3505,#3489,#3513,.T.);
#3513 = LINE('',#3514,#3515);
#3514 = CARTESIAN_POINT('',(-4.440892098501E-16,47.,0.));
#3515 = VECTOR('',#3516,1.);
#3516 = DIRECTION('',(0.,0.,1.));
#3517 = FACE_BOUND('',#3518,.T.);
#3518 = EDGE_LOOP('',(#3519));
#3519 = ORIENTED_EDGE('',*,*,#1506,.F.);
#3520 = FACE_BOUND('',#3521,.T.);
#3521 = EDGE_LOOP('',(#3522,#3532,#3540,#3548));
#3522 = ORIENTED_EDGE('',*,*,#3523,.F.);
#3523 = EDGE_CURVE('',#3524,#3526,#3528,.T.);
#3524 = VERTEX_POINT('',#3525);
#3525 = CARTESIAN_POINT('',(0.,26.,17.6));
#3526 = VERTEX_POINT('',#3527);
#3527 = CARTESIAN_POINT('',(0.,36.,17.6));
#3528 = LINE('',#3529,#3530);
#3529 = CARTESIAN_POINT('',(0.,26.,17.6));
#3530 = VECTOR('',#3531,1.);
#3531 = DIRECTION('',(-0.,1.,0.));
#3532 = ORIENTED_EDGE('',*,*,#3533,.T.);
#3533 = EDGE_CURVE('',#3524,#3534,#3536,.T.);
#3534 = VERTEX_POINT('',#3535);
#3535 = CARTESIAN_POINT('',(0.,26.,18.8));
#3536 = LINE('',#3537,#3538);
#3537 = CARTESIAN_POINT('',(0.,26.,17.6));
#3538 = VECTOR('',#3539,1.);
#3539 = DIRECTION('',(0.,0.,1.));
#3540 = ORIENTED_EDGE('',*,*,#3541,.T.);
#3541 = EDGE_CURVE('',#3534,#3542,#3544,.T.);
#3542 = VERTEX_POINT('',#3543);
#3543 = CARTESIAN_POINT('',(0.,36.,18.8));
#3544 = LINE('',#3545,#3546);
#3545 = CARTESIAN_POINT('',(0.,26.,18.8));
#3546 = VECTOR('',#3547,1.);
#3547 = DIRECTION('',(-0.,1.,0.));
#3548 = ORIENTED_EDGE('',*,*,#3549,.F.);
#3549 = EDGE_CURVE('',#3526,#3542,#3550,.T.);
#3550 = LINE('',#3551,#3552);
#3551 = CARTESIAN_POINT('',(0.,36.,17.6));
#3552 = VECTOR('',#3553,1.);
#3553 = DIRECTION('',(0.,0.,1.));
#3554 = PLANE('',#3555);
#3555 = AXIS2_PLACEMENT_3D('',#3556,#3557,#3558);
#3556 = CARTESIAN_POINT('',(0.,0.,0.));
#3557 = DIRECTION('',(1.,0.,-0.));
#3558 = DIRECTION('',(0.,0.,1.));
#3559 = ADVANCED_FACE('',(#3560),#3566,.F.);
#3560 = FACE_BOUND('',#3561,.F.);
#3561 = EDGE_LOOP('',(#3562,#3563,#3564,#3565));
#3562 = ORIENTED_EDGE('',*,*,#1564,.F.);
#3563 = ORIENTED_EDGE('',*,*,#1540,.T.);
#3564 = ORIENTED_EDGE('',*,*,#1651,.T.);
#3565 = ORIENTED_EDGE('',*,*,#2030,.F.);
#3566 = PLANE('',#3567);
#3567 = AXIS2_PLACEMENT_3D('',#3568,#3569,#3570);
#3568 = CARTESIAN_POINT('',(-24.6,6.,-1.5));
#3569 = DIRECTION('',(0.,0.,1.));
#3570 = DIRECTION('',(1.,0.,-0.));
#3571 = ADVANCED_FACE('',(#3572),#3583,.F.);
#3572 = FACE_BOUND('',#3573,.F.);
#3573 = EDGE_LOOP('',(#3574,#3575,#3581,#3582));
#3574 = ORIENTED_EDGE('',*,*,#2109,.F.);
#3575 = ORIENTED_EDGE('',*,*,#3576,.T.);
#3576 = EDGE_CURVE('',#2110,#2177,#3577,.T.);
#3577 = LINE('',#3578,#3579);
#3578 = CARTESIAN_POINT('',(9.,-3.6,-2.));
#3579 = VECTOR('',#3580,1.);
#3580 = DIRECTION('',(1.,0.,-0.));
#3581 = ORIENTED_EDGE('',*,*,#2176,.T.);
#3582 = ORIENTED_EDGE('',*,*,#1706,.T.);
#3583 = PLANE('',#3584);
#3584 = AXIS2_PLACEMENT_3D('',#3585,#3586,#3587);
#3585 = CARTESIAN_POINT('',(9.,-24.6,-2.));
#3586 = DIRECTION('',(0.,0.,1.));
#3587 = DIRECTION('',(1.,0.,-0.));
#3588 = ADVANCED_FACE('',(#3589),#3600,.F.);
#3589 = FACE_BOUND('',#3590,.F.);
#3590 = EDGE_LOOP('',(#3591,#3592,#3598,#3599));
#3591 = ORIENTED_EDGE('',*,*,#2210,.F.);
#3592 = ORIENTED_EDGE('',*,*,#3593,.T.);
#3593 = EDGE_CURVE('',#2211,#2295,#3594,.T.);
#3594 = LINE('',#3595,#3596);
#3595 = CARTESIAN_POINT('',(49.,-3.6,-2.));
#3596 = VECTOR('',#3597,1.);
#3597 = DIRECTION('',(1.,0.,-0.));
#3598 = ORIENTED_EDGE('',*,*,#2294,.T.);
#3599 = ORIENTED_EDGE('',*,*,#1683,.T.);
#3600 = PLANE('',#3601);
#3601 = AXIS2_PLACEMENT_3D('',#3602,#3603,#3604);
#3602 = CARTESIAN_POINT('',(49.,-24.6,-2.));
#3603 = DIRECTION('',(0.,0.,1.));
#3604 = DIRECTION('',(1.,0.,-0.));
#3605 = ADVANCED_FACE('',(#3606,#3612),#3623,.F.);
#3606 = FACE_BOUND('',#3607,.F.);
#3607 = EDGE_LOOP('',(#3608,#3609,#3610,#3611));
#3608 = ORIENTED_EDGE('',*,*,#1830,.F.);
#3609 = ORIENTED_EDGE('',*,*,#1750,.T.);
#3610 = ORIENTED_EDGE('',*,*,#1782,.T.);
#3611 = ORIENTED_EDGE('',*,*,#1805,.F.);
#3612 = FACE_BOUND('',#3613,.F.);
#3613 = EDGE_LOOP('',(#3614));
#3614 = ORIENTED_EDGE('',*,*,#3615,.F.);
#3615 = EDGE_CURVE('',#3616,#3616,#3618,.T.);
#3616 = VERTEX_POINT('',#3617);
#3617 = CARTESIAN_POINT('',(-7.6,14.,10.));
#3618 = CIRCLE('',#3619,1.);
#3619 = AXIS2_PLACEMENT_3D('',#3620,#3621,#3622);
#3620 = CARTESIAN_POINT('',(-7.6,14.,9.));
#3621 = DIRECTION('',(1.,0.,0.));
#3622 = DIRECTION('',(-0.,0.,1.));
#3623 = PLANE('',#3624);
#3624 = AXIS2_PLACEMENT_3D('',#3625,#3626,#3627);
#3625 = CARTESIAN_POINT('',(-7.6,10.5,6.));
#3626 = DIRECTION('',(1.,0.,-0.));
#3627 = DIRECTION('',(0.,0.,1.));
#3628 = ADVANCED_FACE('',(#3629),#3641,.T.);
#3629 = FACE_BOUND('',#3630,.T.);
#3630 = EDGE_LOOP('',(#3631,#3632,#3633,#3634,#3635));
#3631 = ORIENTED_EDGE('',*,*,#3424,.F.);
#3632 = ORIENTED_EDGE('',*,*,#1848,.T.);
#3633 = ORIENTED_EDGE('',*,*,#3027,.F.);
#3634 = ORIENTED_EDGE('',*,*,#2951,.F.);
#3635 = ORIENTED_EDGE('',*,*,#3636,.T.);
#3636 = EDGE_CURVE('',#2943,#3425,#3637,.T.);
#3637 = LINE('',#3638,#3639);
#3638 = CARTESIAN_POINT('',(68.6,-4.6,-9.));
#3639 = VECTOR('',#3640,1.);
#3640 = DIRECTION('',(-0.,1.,0.));
#3641 = PLANE('',#3642);
#3642 = AXIS2_PLACEMENT_3D('',#3643,#3644,#3645);
#3643 = CARTESIAN_POINT('',(-4.6,-4.6,-9.));
#3644 = DIRECTION('',(0.,0.,1.));
#3645 = DIRECTION('',(1.,0.,-0.));
#3646 = ADVANCED_FACE('',(#3647),#3659,.T.);
#3647 = FACE_BOUND('',#3648,.T.);
#3648 = EDGE_LOOP('',(#3649,#3650,#3651,#3657,#3658));
#3649 = ORIENTED_EDGE('',*,*,#1874,.F.);
#3650 = ORIENTED_EDGE('',*,*,#3464,.T.);
#3651 = ORIENTED_EDGE('',*,*,#3652,.T.);
#3652 = EDGE_CURVE('',#3465,#2985,#3653,.T.);
#3653 = LINE('',#3654,#3655);
#3654 = CARTESIAN_POINT('',(68.6,47.6,-9.));
#3655 = VECTOR('',#3656,1.);
#3656 = DIRECTION('',(-0.,1.,0.));
#3657 = ORIENTED_EDGE('',*,*,#2984,.F.);
#3658 = ORIENTED_EDGE('',*,*,#3044,.F.);
#3659 = PLANE('',#3660);
#3660 = AXIS2_PLACEMENT_3D('',#3661,#3662,#3663);
#3661 = CARTESIAN_POINT('',(-4.6,47.6,-9.));
#3662 = DIRECTION('',(0.,0.,1.));
#3663 = DIRECTION('',(1.,0.,-0.));
#3664 = ADVANCED_FACE('',(#3665),#3671,.T.);
#3665 = FACE_BOUND('',#3666,.T.);
#3666 = EDGE_LOOP('',(#3667,#3668,#3669,#3670));
#3667 = ORIENTED_EDGE('',*,*,#1938,.F.);
#3668 = ORIENTED_EDGE('',*,*,#1962,.T.);
#3669 = ORIENTED_EDGE('',*,*,#1979,.T.);
#3670 = ORIENTED_EDGE('',*,*,#1906,.F.);
#3671 = PLANE('',#3672);
#3672 = AXIS2_PLACEMENT_3D('',#3673,#3674,#3675);
#3673 = CARTESIAN_POINT('',(67.4,23.,0.9));
#3674 = DIRECTION('',(1.,0.,-0.));
#3675 = DIRECTION('',(0.,0.,1.));
#3676 = ADVANCED_FACE('',(#3677,#3681),#3692,.T.);
#3677 = FACE_BOUND('',#3678,.T.);
#3678 = EDGE_LOOP('',(#3679,#3680));
#3679 = ORIENTED_EDGE('',*,*,#2014,.T.);
#3680 = ORIENTED_EDGE('',*,*,#1995,.T.);
#3681 = FACE_BOUND('',#3682,.T.);
#3682 = EDGE_LOOP('',(#3683));
#3683 = ORIENTED_EDGE('',*,*,#3684,.F.);
#3684 = EDGE_CURVE('',#3685,#3685,#3687,.T.);
#3685 = VERTEX_POINT('',#3686);
#3686 = CARTESIAN_POINT('',(67.6,24.5,19.3));
#3687 = CIRCLE('',#3688,6.3);
#3688 = AXIS2_PLACEMENT_3D('',#3689,#3690,#3691);
#3689 = CARTESIAN_POINT('',(67.6,24.5,13.));
#3690 = DIRECTION('',(1.,0.,0.));
#3691 = DIRECTION('',(-0.,0.,1.));
#3692 = PLANE('',#3693);
#3693 = AXIS2_PLACEMENT_3D('',#3694,#3695,#3696);
#3694 = CARTESIAN_POINT('',(67.6,24.5,13.));
#3695 = DIRECTION('',(1.,0.,0.));
#3696 = DIRECTION('',(-0.,0.,1.));
#3697 = ADVANCED_FACE('',(#3698),#3704,.T.);
#3698 = FACE_BOUND('',#3699,.T.);
#3699 = EDGE_LOOP('',(#3700,#3701,#3702,#3703));
#3700 = ORIENTED_EDGE('',*,*,#2117,.T.);
#3701 = ORIENTED_EDGE('',*,*,#3576,.T.);
#3702 = ORIENTED_EDGE('',*,*,#2184,.F.);
#3703 = ORIENTED_EDGE('',*,*,#2799,.F.);
#3704 = CYLINDRICAL_SURFACE('',#3705,1.);
#3705 = AXIS2_PLACEMENT_3D('',#3706,#3707,#3708);
#3706 = CARTESIAN_POINT('',(9.,-3.6,-1.));
#3707 = DIRECTION('',(1.,0.,-0.));
#3708 = DIRECTION('',(0.,-1.,0.));
#3709 = ADVANCED_FACE('',(#3710),#3716,.T.);
#3710 = FACE_BOUND('',#3711,.T.);
#3711 = EDGE_LOOP('',(#3712,#3713,#3714,#3715));
#3712 = ORIENTED_EDGE('',*,*,#2218,.T.);
#3713 = ORIENTED_EDGE('',*,*,#3593,.T.);
#3714 = ORIENTED_EDGE('',*,*,#2302,.F.);
#3715 = ORIENTED_EDGE('',*,*,#2810,.F.);
#3716 = CYLINDRICAL_SURFACE('',#3717,1.);
#3717 = AXIS2_PLACEMENT_3D('',#3718,#3719,#3720);
#3718 = CARTESIAN_POINT('',(49.,-3.6,-1.));
#3719 = DIRECTION('',(1.,0.,-0.));
#3720 = DIRECTION('',(0.,-1.,0.));
#3721 = ADVANCED_FACE('',(#3722),#3728,.T.);
#3722 = FACE_BOUND('',#3723,.T.);
#3723 = EDGE_LOOP('',(#3724,#3725,#3726,#3727));
#3724 = ORIENTED_EDGE('',*,*,#2396,.F.);
#3725 = ORIENTED_EDGE('',*,*,#2859,.F.);
#3726 = ORIENTED_EDGE('',*,*,#2900,.T.);
#3727 = ORIENTED_EDGE('',*,*,#3009,.F.);
#3728 = PLANE('',#3729);
#3729 = AXIS2_PLACEMENT_3D('',#3730,#3731,#3732);
#3730 = CARTESIAN_POINT('',(-4.6,47.6,-9.));
#3731 = DIRECTION('',(0.,0.,1.));
#3732 = DIRECTION('',(1.,0.,-0.));
#3733 = ADVANCED_FACE('',(#3734),#3745,.T.);
#3734 = FACE_BOUND('',#3735,.T.);
#3735 = EDGE_LOOP('',(#3736,#3737,#3743,#3744));
#3736 = ORIENTED_EDGE('',*,*,#2993,.F.);
#3737 = ORIENTED_EDGE('',*,*,#3738,.T.);
#3738 = EDGE_CURVE('',#2985,#2405,#3739,.T.);
#3739 = LINE('',#3740,#3741);
#3740 = CARTESIAN_POINT('',(68.6,47.6,-9.));
#3741 = VECTOR('',#3742,1.);
#3742 = DIRECTION('',(-0.,1.,0.));
#3743 = ORIENTED_EDGE('',*,*,#2404,.F.);
#3744 = ORIENTED_EDGE('',*,*,#3002,.F.);
#3745 = PLANE('',#3746);
#3746 = AXIS2_PLACEMENT_3D('',#3747,#3748,#3749);
#3747 = CARTESIAN_POINT('',(32.407066103051,24.5,-9.));
#3748 = DIRECTION('',(-0.,-0.,-1.));
#3749 = DIRECTION('',(-1.,0.,0.));
#3750 = ADVANCED_FACE('',(#3751),#3787,.T.);
#3751 = FACE_BOUND('',#3752,.T.);
#3752 = EDGE_LOOP('',(#3753,#3754,#3755,#3763,#3771,#3779,#3785,#3786));
#3753 = ORIENTED_EDGE('',*,*,#3652,.F.);
#3754 = ORIENTED_EDGE('',*,*,#3472,.F.);
#3755 = ORIENTED_EDGE('',*,*,#3756,.T.);
#3756 = EDGE_CURVE('',#3449,#3757,#3759,.T.);
#3757 = VERTEX_POINT('',#3758);
#3758 = CARTESIAN_POINT('',(68.6,49.85,-12.));
#3759 = LINE('',#3760,#3761);
#3760 = CARTESIAN_POINT('',(68.6,47.6,-12.));
#3761 = VECTOR('',#3762,1.);
#3762 = DIRECTION('',(-0.,1.,0.));
#3763 = ORIENTED_EDGE('',*,*,#3764,.T.);
#3764 = EDGE_CURVE('',#3757,#3765,#3767,.T.);
#3765 = VERTEX_POINT('',#3766);
#3766 = CARTESIAN_POINT('',(68.6,50.6,-11.));
#3767 = LINE('',#3768,#3769);
#3768 = CARTESIAN_POINT('',(68.6,49.82,-12.04));
#3769 = VECTOR('',#3770,1.);
#3770 = DIRECTION('',(0.,0.6,0.8));
#3771 = ORIENTED_EDGE('',*,*,#3772,.T.);
#3772 = EDGE_CURVE('',#3765,#3773,#3775,.T.);
#3773 = VERTEX_POINT('',#3774);
#3774 = CARTESIAN_POINT('',(68.6,51.35,-12.));
#3775 = LINE('',#3776,#3777);
#3776 = CARTESIAN_POINT('',(68.6,51.05,-11.6));
#3777 = VECTOR('',#3778,1.);
#3778 = DIRECTION('',(-0.,0.6,-0.8));
#3779 = ORIENTED_EDGE('',*,*,#3780,.T.);
#3780 = EDGE_CURVE('',#3773,#2413,#3781,.T.);
#3781 = LINE('',#3782,#3783);
#3782 = CARTESIAN_POINT('',(68.6,47.6,-12.));
#3783 = VECTOR('',#3784,1.);
#3784 = DIRECTION('',(-0.,1.,0.));
#3785 = ORIENTED_EDGE('',*,*,#2412,.T.);
#3786 = ORIENTED_EDGE('',*,*,#3738,.F.);
#3787 = PLANE('',#3788);
#3788 = AXIS2_PLACEMENT_3D('',#3789,#3790,#3791);
#3789 = CARTESIAN_POINT('',(68.6,47.6,-12.));
#3790 = DIRECTION('',(1.,0.,-0.));
#3791 = DIRECTION('',(0.,0.,1.));
#3792 = ADVANCED_FACE('',(#3793),#3811,.F.);
#3793 = FACE_BOUND('',#3794,.F.);
#3794 = EDGE_LOOP('',(#3795,#3803,#3809,#3810));
#3795 = ORIENTED_EDGE('',*,*,#3796,.F.);
#3796 = EDGE_CURVE('',#3797,#2421,#3799,.T.);
#3797 = VERTEX_POINT('',#3798);
#3798 = CARTESIAN_POINT('',(-4.6,51.35,-12.));
#3799 = LINE('',#3800,#3801);
#3800 = CARTESIAN_POINT('',(-4.6,47.6,-12.));
#3801 = VECTOR('',#3802,1.);
#3802 = DIRECTION('',(-0.,1.,0.));
#3803 = ORIENTED_EDGE('',*,*,#3804,.T.);
#3804 = EDGE_CURVE('',#3797,#3773,#3805,.T.);
#3805 = LINE('',#3806,#3807);
#3806 = CARTESIAN_POINT('',(-5.1,51.35,-12.));
#3807 = VECTOR('',#3808,1.);
#3808 = DIRECTION('',(1.,0.,-0.));
#3809 = ORIENTED_EDGE('',*,*,#3780,.T.);
#3810 = ORIENTED_EDGE('',*,*,#2420,.F.);
#3811 = PLANE('',#3812);
#3812 = AXIS2_PLACEMENT_3D('',#3813,#3814,#3815);
#3813 = CARTESIAN_POINT('',(-4.6,47.6,-12.));
#3814 = DIRECTION('',(0.,0.,1.));
#3815 = DIRECTION('',(1.,0.,-0.));
#3816 = ADVANCED_FACE('',(#3817),#3851,.F.);
#3817 = FACE_BOUND('',#3818,.F.);
#3818 = EDGE_LOOP('',(#3819,#3820,#3821,#3829,#3837,#3843,#3844,#3845));
#3819 = ORIENTED_EDGE('',*,*,#3381,.F.);
#3820 = ORIENTED_EDGE('',*,*,#3456,.F.);
#3821 = ORIENTED_EDGE('',*,*,#3822,.T.);
#3822 = EDGE_CURVE('',#3447,#3823,#3825,.T.);
#3823 = VERTEX_POINT('',#3824);
#3824 = CARTESIAN_POINT('',(-4.6,49.85,-12.));
#3825 = LINE('',#3826,#3827);
#3826 = CARTESIAN_POINT('',(-4.6,47.6,-12.));
#3827 = VECTOR('',#3828,1.);
#3828 = DIRECTION('',(-0.,1.,0.));
#3829 = ORIENTED_EDGE('',*,*,#3830,.T.);
#3830 = EDGE_CURVE('',#3823,#3831,#3833,.T.);
#3831 = VERTEX_POINT('',#3832);
#3832 = CARTESIAN_POINT('',(-4.6,50.6,-11.));
#3833 = LINE('',#3834,#3835);
#3834 = CARTESIAN_POINT('',(-4.6,49.82,-12.04));
#3835 = VECTOR('',#3836,1.);
#3836 = DIRECTION('',(0.,0.6,0.8));
#3837 = ORIENTED_EDGE('',*,*,#3838,.T.);
#3838 = EDGE_CURVE('',#3831,#3797,#3839,.T.);
#3839 = LINE('',#3840,#3841);
#3840 = CARTESIAN_POINT('',(-4.6,51.05,-11.6));
#3841 = VECTOR('',#3842,1.);
#3842 = DIRECTION('',(-0.,0.6,-0.8));
#3843 = ORIENTED_EDGE('',*,*,#3796,.T.);
#3844 = ORIENTED_EDGE('',*,*,#2428,.T.);
#3845 = ORIENTED_EDGE('',*,*,#3846,.F.);
#3846 = EDGE_CURVE('',#2619,#2429,#3847,.T.);
#3847 = LINE('',#3848,#3849);
#3848 = CARTESIAN_POINT('',(-4.6,47.6,-9.));
#3849 = VECTOR('',#3850,1.);
#3850 = DIRECTION('',(-0.,1.,0.));
#3851 = PLANE('',#3852);
#3852 = AXIS2_PLACEMENT_3D('',#3853,#3854,#3855);
#3853 = CARTESIAN_POINT('',(-4.6,47.6,-12.));
#3854 = DIRECTION('',(1.,0.,-0.));
#3855 = DIRECTION('',(0.,0.,1.));
#3856 = ADVANCED_FACE('',(#3857),#3862,.T.);
#3857 = FACE_BOUND('',#3858,.T.);
#3858 = EDGE_LOOP('',(#3859,#3860,#3861));
#3859 = ORIENTED_EDGE('',*,*,#3846,.F.);
#3860 = ORIENTED_EDGE('',*,*,#2618,.F.);
#3861 = ORIENTED_EDGE('',*,*,#2436,.F.);
#3862 = PLANE('',#3863);
#3863 = AXIS2_PLACEMENT_3D('',#3864,#3865,#3866);
#3864 = CARTESIAN_POINT('',(32.407066103051,24.5,-9.));
#3865 = DIRECTION('',(-0.,-0.,-1.));
#3866 = DIRECTION('',(-1.,0.,0.));
#3867 = ADVANCED_FACE('',(#3868),#3874,.T.);
#3868 = FACE_BOUND('',#3869,.T.);
#3869 = EDGE_LOOP('',(#3870,#3871,#3872,#3873));
#3870 = ORIENTED_EDGE('',*,*,#2444,.F.);
#3871 = ORIENTED_EDGE('',*,*,#2611,.F.);
#3872 = ORIENTED_EDGE('',*,*,#2667,.T.);
#3873 = ORIENTED_EDGE('',*,*,#2717,.T.);
#3874 = PLANE('',#3875);
#3875 = AXIS2_PLACEMENT_3D('',#3876,#3877,#3878);
#3876 = CARTESIAN_POINT('',(-4.6,47.6,-9.));
#3877 = DIRECTION('',(0.,0.,1.));
#3878 = DIRECTION('',(1.,0.,-0.));
#3879 = ADVANCED_FACE('',(#3880),#3890,.T.);
#3880 = FACE_BOUND('',#3881,.T.);
#3881 = EDGE_LOOP('',(#3882,#3883,#3889));
#3882 = ORIENTED_EDGE('',*,*,#2568,.F.);
#3883 = ORIENTED_EDGE('',*,*,#3884,.F.);
#3884 = EDGE_CURVE('',#2742,#2560,#3885,.T.);
#3885 = LINE('',#3886,#3887);
#3886 = CARTESIAN_POINT('',(-4.6,-4.6,-9.));
#3887 = VECTOR('',#3888,1.);
#3888 = DIRECTION('',(-0.,1.,0.));
#3889 = ORIENTED_EDGE('',*,*,#2741,.T.);
#3890 = PLANE('',#3891);
#3891 = AXIS2_PLACEMENT_3D('',#3892,#3893,#3894);
#3892 = CARTESIAN_POINT('',(32.407066103051,24.5,-9.));
#3893 = DIRECTION('',(-0.,-0.,-1.));
#3894 = DIRECTION('',(-1.,0.,0.));
#3895 = ADVANCED_FACE('',(#3896),#3902,.T.);
#3896 = FACE_BOUND('',#3897,.T.);
#3897 = EDGE_LOOP('',(#3898,#3899,#3900,#3901));
#3898 = ORIENTED_EDGE('',*,*,#2577,.F.);
#3899 = ORIENTED_EDGE('',*,*,#2735,.T.);
#3900 = ORIENTED_EDGE('',*,*,#2692,.F.);
#3901 = ORIENTED_EDGE('',*,*,#2643,.F.);
#3902 = PLANE('',#3903);
#3903 = AXIS2_PLACEMENT_3D('',#3904,#3905,#3906);
#3904 = CARTESIAN_POINT('',(-4.6,-4.6,-9.));
#3905 = DIRECTION('',(0.,0.,1.));
#3906 = DIRECTION('',(1.,0.,-0.));
#3907 = ADVANCED_FACE('',(#3908),#3944,.F.);
#3908 = FACE_BOUND('',#3909,.F.);
#3909 = EDGE_LOOP('',(#3910,#3911,#3919,#3927,#3935,#3941,#3942,#3943));
#3910 = ORIENTED_EDGE('',*,*,#2749,.F.);
#3911 = ORIENTED_EDGE('',*,*,#3912,.T.);
#3912 = EDGE_CURVE('',#2750,#3913,#3915,.T.);
#3913 = VERTEX_POINT('',#3914);
#3914 = CARTESIAN_POINT('',(-4.6,-2.35,-12.));
#3915 = LINE('',#3916,#3917);
#3916 = CARTESIAN_POINT('',(-4.6,-4.6,-12.));
#3917 = VECTOR('',#3918,1.);
#3918 = DIRECTION('',(-0.,1.,0.));
#3919 = ORIENTED_EDGE('',*,*,#3920,.T.);
#3920 = EDGE_CURVE('',#3913,#3921,#3923,.T.);
#3921 = VERTEX_POINT('',#3922);
#3922 = CARTESIAN_POINT('',(-4.6,-1.6,-11.));
#3923 = LINE('',#3924,#3925);
#3924 = CARTESIAN_POINT('',(-4.6,-2.38,-12.04));
#3925 = VECTOR('',#3926,1.);
#3926 = DIRECTION('',(0.,0.6,0.8));
#3927 = ORIENTED_EDGE('',*,*,#3928,.T.);
#3928 = EDGE_CURVE('',#3921,#3929,#3931,.T.);
#3929 = VERTEX_POINT('',#3930);
#3930 = CARTESIAN_POINT('',(-4.6,-0.85,-12.));
#3931 = LINE('',#3932,#3933);
#3932 = CARTESIAN_POINT('',(-4.6,-1.15,-11.6));
#3933 = VECTOR('',#3934,1.);
#3934 = DIRECTION('',(-0.,0.6,-0.8));
#3935 = ORIENTED_EDGE('',*,*,#3936,.T.);
#3936 = EDGE_CURVE('',#3929,#3407,#3937,.T.);
#3937 = LINE('',#3938,#3939);
#3938 = CARTESIAN_POINT('',(-4.6,-4.6,-12.));
#3939 = VECTOR('',#3940,1.);
#3940 = DIRECTION('',(-0.,1.,0.));
#3941 = ORIENTED_EDGE('',*,*,#3416,.T.);
#3942 = ORIENTED_EDGE('',*,*,#3356,.F.);
#3943 = ORIENTED_EDGE('',*,*,#3884,.F.);
#3944 = PLANE('',#3945);
#3945 = AXIS2_PLACEMENT_3D('',#3946,#3947,#3948);
#3946 = CARTESIAN_POINT('',(-4.6,-4.6,-12.));
#3947 = DIRECTION('',(1.,0.,-0.));
#3948 = DIRECTION('',(0.,0.,1.));
#3949 = ADVANCED_FACE('',(#3950),#3968,.F.);
#3950 = FACE_BOUND('',#3951,.F.);
#3951 = EDGE_LOOP('',(#3952,#3953,#3954,#3962));
#3952 = ORIENTED_EDGE('',*,*,#3912,.F.);
#3953 = ORIENTED_EDGE('',*,*,#2757,.T.);
#3954 = ORIENTED_EDGE('',*,*,#3955,.T.);
#3955 = EDGE_CURVE('',#2758,#3956,#3958,.T.);
#3956 = VERTEX_POINT('',#3957);
#3957 = CARTESIAN_POINT('',(68.6,-2.35,-12.));
#3958 = LINE('',#3959,#3960);
#3959 = CARTESIAN_POINT('',(68.6,-4.6,-12.));
#3960 = VECTOR('',#3961,1.);
#3961 = DIRECTION('',(-0.,1.,0.));
#3962 = ORIENTED_EDGE('',*,*,#3963,.T.);
#3963 = EDGE_CURVE('',#3956,#3913,#3964,.T.);
#3964 = LINE('',#3965,#3966);
#3965 = CARTESIAN_POINT('',(-5.1,-2.35,-12.));
#3966 = VECTOR('',#3967,1.);
#3967 = DIRECTION('',(-1.,0.,0.));
#3968 = PLANE('',#3969);
#3969 = AXIS2_PLACEMENT_3D('',#3970,#3971,#3972);
#3970 = CARTESIAN_POINT('',(-4.6,-4.6,-12.));
#3971 = DIRECTION('',(0.,0.,1.));
#3972 = DIRECTION('',(1.,0.,-0.));
#3973 = ADVANCED_FACE('',(#3974),#4008,.T.);
#3974 = FACE_BOUND('',#3975,.T.);
#3975 = EDGE_LOOP('',(#3976,#3977,#3978,#3986,#3994,#4000,#4001,#4002));
#3976 = ORIENTED_EDGE('',*,*,#2765,.F.);
#3977 = ORIENTED_EDGE('',*,*,#3955,.T.);
#3978 = ORIENTED_EDGE('',*,*,#3979,.T.);
#3979 = EDGE_CURVE('',#3956,#3980,#3982,.T.);
#3980 = VERTEX_POINT('',#3981);
#3981 = CARTESIAN_POINT('',(68.6,-1.6,-11.));
#3982 = LINE('',#3983,#3984);
#3983 = CARTESIAN_POINT('',(68.6,-2.38,-12.04));
#3984 = VECTOR('',#3985,1.);
#3985 = DIRECTION('',(0.,0.6,0.8));
#3986 = ORIENTED_EDGE('',*,*,#3987,.T.);
#3987 = EDGE_CURVE('',#3980,#3988,#3990,.T.);
#3988 = VERTEX_POINT('',#3989);
#3989 = CARTESIAN_POINT('',(68.6,-0.85,-12.));
#3990 = LINE('',#3991,#3992);
#3991 = CARTESIAN_POINT('',(68.6,-1.15,-11.6));
#3992 = VECTOR('',#3993,1.);
#3993 = DIRECTION('',(-0.,0.6,-0.8));
#3994 = ORIENTED_EDGE('',*,*,#3995,.T.);
#3995 = EDGE_CURVE('',#3988,#3409,#3996,.T.);
#3996 = LINE('',#3997,#3998);
#3997 = CARTESIAN_POINT('',(68.6,-4.6,-12.));
#3998 = VECTOR('',#3999,1.);
#3999 = DIRECTION('',(-0.,1.,0.));
#4000 = ORIENTED_EDGE('',*,*,#3432,.T.);
#4001 = ORIENTED_EDGE('',*,*,#3636,.F.);
#4002 = ORIENTED_EDGE('',*,*,#4003,.F.);
#4003 = EDGE_CURVE('',#2766,#2943,#4004,.T.);
#4004 = LINE('',#4005,#4006);
#4005 = CARTESIAN_POINT('',(68.6,-4.6,-9.));
#4006 = VECTOR('',#4007,1.);
#4007 = DIRECTION('',(-0.,1.,0.));
#4008 = PLANE('',#4009);
#4009 = AXIS2_PLACEMENT_3D('',#4010,#4011,#4012);
#4010 = CARTESIAN_POINT('',(68.6,-4.6,-12.));
#4011 = DIRECTION('',(1.,0.,-0.));
#4012 = DIRECTION('',(0.,0.,1.));
#4013 = ADVANCED_FACE('',(#4014),#4020,.T.);
#4014 = FACE_BOUND('',#4015,.T.);
#4015 = EDGE_LOOP('',(#4016,#4017,#4018,#4019));
#4016 = ORIENTED_EDGE('',*,*,#4003,.T.);
#4017 = ORIENTED_EDGE('',*,*,#2942,.F.);
#4018 = ORIENTED_EDGE('',*,*,#2933,.F.);
#4019 = ORIENTED_EDGE('',*,*,#2773,.T.);
#4020 = PLANE('',#4021);
#4021 = AXIS2_PLACEMENT_3D('',#4022,#4023,#4024);
#4022 = CARTESIAN_POINT('',(32.407066103051,24.5,-9.));
#4023 = DIRECTION('',(-0.,-0.,-1.));
#4024 = DIRECTION('',(-1.,0.,0.));
#4025 = ADVANCED_FACE('',(#4026),#4032,.T.);
#4026 = FACE_BOUND('',#4027,.T.);
#4027 = EDGE_LOOP('',(#4028,#4029,#4030,#4031));
#4028 = ORIENTED_EDGE('',*,*,#2834,.T.);
#4029 = ORIENTED_EDGE('',*,*,#2781,.T.);
#4030 = ORIENTED_EDGE('',*,*,#2926,.F.);
#4031 = ORIENTED_EDGE('',*,*,#2876,.F.);
#4032 = PLANE('',#4033);
#4033 = AXIS2_PLACEMENT_3D('',#4034,#4035,#4036);
#4034 = CARTESIAN_POINT('',(-4.6,-4.6,-9.));
#4035 = DIRECTION('',(0.,0.,1.));
#4036 = DIRECTION('',(1.,0.,-0.));
#4037 = ADVANCED_FACE('',(#4038),#4041,.T.);
#4038 = FACE_BOUND('',#4039,.F.);
#4039 = EDGE_LOOP('',(#4040));
#4040 = ORIENTED_EDGE('',*,*,#3069,.F.);
#4041 = PLANE('',#4042);
#4042 = AXIS2_PLACEMENT_3D('',#4043,#4044,#4045);
#4043 = CARTESIAN_POINT('',(-4.5,-4.5,22.));
#4044 = DIRECTION('',(0.,0.,1.));
#4045 = DIRECTION('',(1.,0.,-0.));
#4046 = ADVANCED_FACE('',(#4047),#4050,.T.);
#4047 = FACE_BOUND('',#4048,.F.);
#4048 = EDGE_LOOP('',(#4049));
#4049 = ORIENTED_EDGE('',*,*,#3094,.F.);
#4050 = PLANE('',#4051);
#4051 = AXIS2_PLACEMENT_3D('',#4052,#4053,#4054);
#4052 = CARTESIAN_POINT('',(68.5,-4.5,22.));
#4053 = DIRECTION('',(0.,0.,1.));
#4054 = DIRECTION('',(1.,0.,-0.));
#4055 = ADVANCED_FACE('',(#4056),#4059,.T.);
#4056 = FACE_BOUND('',#4057,.F.);
#4057 = EDGE_LOOP('',(#4058));
#4058 = ORIENTED_EDGE('',*,*,#3119,.F.);
#4059 = PLANE('',#4060);
#4060 = AXIS2_PLACEMENT_3D('',#4061,#4062,#4063);
#4061 = CARTESIAN_POINT('',(-4.5,53.5,22.));
#4062 = DIRECTION('',(0.,0.,1.));
#4063 = DIRECTION('',(1.,0.,-0.));
#4064 = ADVANCED_FACE('',(#4065,#4075),#4145,.T.);
#4065 = FACE_BOUND('',#4066,.T.);
#4066 = EDGE_LOOP('',(#4067,#4068,#4069,#4070,#4071,#4072,#4073,#4074));
#4067 = ORIENTED_EDGE('',*,*,#3169,.F.);
#4068 = ORIENTED_EDGE('',*,*,#3143,.T.);
#4069 = ORIENTED_EDGE('',*,*,#3191,.T.);
#4070 = ORIENTED_EDGE('',*,*,#3248,.F.);
#4071 = ORIENTED_EDGE('',*,*,#3291,.T.);
#4072 = ORIENTED_EDGE('',*,*,#3314,.T.);
#4073 = ORIENTED_EDGE('',*,*,#3265,.F.);
#4074 = ORIENTED_EDGE('',*,*,#3216,.F.);
#4075 = FACE_BOUND('',#4076,.T.);
#4076 = EDGE_LOOP('',(#4077,#4088,#4096,#4105,#4113,#4122,#4130,#4139));
#4077 = ORIENTED_EDGE('',*,*,#4078,.F.);
#4078 = EDGE_CURVE('',#4079,#4081,#4083,.T.);
#4079 = VERTEX_POINT('',#4080);
#4080 = CARTESIAN_POINT('',(-1.1,2.,27.4));
#4081 = VERTEX_POINT('',#4082);
#4082 = CARTESIAN_POINT('',(2.,-1.1,27.4));
#4083 = CIRCLE('',#4084,3.1);
#4084 = AXIS2_PLACEMENT_3D('',#4085,#4086,#4087);
#4085 = CARTESIAN_POINT('',(2.,2.,27.4));
#4086 = DIRECTION('',(0.,0.,1.));
#4087 = DIRECTION('',(-1.,-0.,0.));
#4088 = ORIENTED_EDGE('',*,*,#4089,.T.);
#4089 = EDGE_CURVE('',#4079,#4090,#4092,.T.);
#4090 = VERTEX_POINT('',#4091);
#4091 = CARTESIAN_POINT('',(-1.1,47.,27.4));
#4092 = LINE('',#4093,#4094);
#4093 = CARTESIAN_POINT('',(-1.1,-2.3,27.4));
#4094 = VECTOR('',#4095,1.);
#4095 = DIRECTION('',(-0.,1.,0.));
#4096 = ORIENTED_EDGE('',*,*,#4097,.F.);
#4097 = EDGE_CURVE('',#4098,#4090,#4100,.T.);
#4098 = VERTEX_POINT('',#4099);
#4099 = CARTESIAN_POINT('',(2.,50.1,27.4));
#4100 = CIRCLE('',#4101,3.1);
#4101 = AXIS2_PLACEMENT_3D('',#4102,#4103,#4104);
#4102 = CARTESIAN_POINT('',(2.,47.,27.4));
#4103 = DIRECTION('',(0.,0.,1.));
#4104 = DIRECTION('',(-1.,-0.,0.));
#4105 = ORIENTED_EDGE('',*,*,#4106,.F.);
#4106 = EDGE_CURVE('',#4107,#4098,#4109,.T.);
#4107 = VERTEX_POINT('',#4108);
#4108 = CARTESIAN_POINT('',(62.,50.1,27.4));
#4109 = LINE('',#4110,#4111);
#4110 = CARTESIAN_POINT('',(-2.3,50.1,27.4));
#4111 = VECTOR('',#4112,1.);
#4112 = DIRECTION('',(-1.,-0.,0.));
#4113 = ORIENTED_EDGE('',*,*,#4114,.F.);
#4114 = EDGE_CURVE('',#4115,#4107,#4117,.T.);
#4115 = VERTEX_POINT('',#4116);
#4116 = CARTESIAN_POINT('',(65.1,47.,27.4));
#4117 = CIRCLE('',#4118,3.1);
#4118 = AXIS2_PLACEMENT_3D('',#4119,#4120,#4121);
#4119 = CARTESIAN_POINT('',(62.,47.,27.4));
#4120 = DIRECTION('',(0.,0.,1.));
#4121 = DIRECTION('',(1.,0.,-0.));
#4122 = ORIENTED_EDGE('',*,*,#4123,.F.);
#4123 = EDGE_CURVE('',#4124,#4115,#4126,.T.);
#4124 = VERTEX_POINT('',#4125);
#4125 = CARTESIAN_POINT('',(65.1,2.,27.4));
#4126 = LINE('',#4127,#4128);
#4127 = CARTESIAN_POINT('',(65.1,-2.3,27.4));
#4128 = VECTOR('',#4129,1.);
#4129 = DIRECTION('',(-0.,1.,0.));
#4130 = ORIENTED_EDGE('',*,*,#4131,.F.);
#4131 = EDGE_CURVE('',#4132,#4124,#4134,.T.);
#4132 = VERTEX_POINT('',#4133);
#4133 = CARTESIAN_POINT('',(62.,-1.1,27.4));
#4134 = CIRCLE('',#4135,3.1);
#4135 = AXIS2_PLACEMENT_3D('',#4136,#4137,#4138);
#4136 = CARTESIAN_POINT('',(62.,2.,27.4));
#4137 = DIRECTION('',(0.,0.,1.));
#4138 = DIRECTION('',(1.,0.,-0.));
#4139 = ORIENTED_EDGE('',*,*,#4140,.T.);
#4140 = EDGE_CURVE('',#4132,#4081,#4141,.T.);
#4141 = LINE('',#4142,#4143);
#4142 = CARTESIAN_POINT('',(-2.3,-1.1,27.4));
#4143 = VECTOR('',#4144,1.);
#4144 = DIRECTION('',(-1.,-0.,0.));
#4145 = PLANE('',#4146);
#4146 = AXIS2_PLACEMENT_3D('',#4147,#4148,#4149);
#4147 = CARTESIAN_POINT('',(-3.5,-3.5,27.4));
#4148 = DIRECTION('',(0.,0.,1.));
#4149 = DIRECTION('',(1.,0.,-0.));
#4150 = ADVANCED_FACE('',(#4151),#4154,.T.);
#4151 = FACE_BOUND('',#4152,.F.);
#4152 = EDGE_LOOP('',(#4153));
#4153 = ORIENTED_EDGE('',*,*,#3340,.F.);
#4154 = PLANE('',#4155);
#4155 = AXIS2_PLACEMENT_3D('',#4156,#4157,#4158);
#4156 = CARTESIAN_POINT('',(68.5,53.5,22.));
#4157 = DIRECTION('',(0.,0.,1.));
#4158 = DIRECTION('',(1.,0.,-0.));
#4159 = ADVANCED_FACE('',(#4160),#4171,.F.);
#4160 = FACE_BOUND('',#4161,.F.);
#4161 = EDGE_LOOP('',(#4162,#4163,#4169,#4170));
#4162 = ORIENTED_EDGE('',*,*,#3936,.F.);
#4163 = ORIENTED_EDGE('',*,*,#4164,.T.);
#4164 = EDGE_CURVE('',#3929,#3988,#4165,.T.);
#4165 = LINE('',#4166,#4167);
#4166 = CARTESIAN_POINT('',(-5.1,-0.85,-12.));
#4167 = VECTOR('',#4168,1.);
#4168 = DIRECTION('',(1.,0.,-0.));
#4169 = ORIENTED_EDGE('',*,*,#3995,.T.);
#4170 = ORIENTED_EDGE('',*,*,#3406,.F.);
#4171 = PLANE('',#4172);
#4172 = AXIS2_PLACEMENT_3D('',#4173,#4174,#4175);
#4173 = CARTESIAN_POINT('',(-4.6,-4.6,-12.));
#4174 = DIRECTION('',(0.,0.,1.));
#4175 = DIRECTION('',(1.,0.,-0.));
#4176 = ADVANCED_FACE('',(#4177),#4188,.F.);
#4177 = FACE_BOUND('',#4178,.F.);
#4178 = EDGE_LOOP('',(#4179,#4180,#4181,#4182));
#4179 = ORIENTED_EDGE('',*,*,#3822,.F.);
#4180 = ORIENTED_EDGE('',*,*,#3446,.T.);
#4181 = ORIENTED_EDGE('',*,*,#3756,.T.);
#4182 = ORIENTED_EDGE('',*,*,#4183,.T.);
#4183 = EDGE_CURVE('',#3757,#3823,#4184,.T.);
#4184 = LINE('',#4185,#4186);
#4185 = CARTESIAN_POINT('',(-5.1,49.85,-12.));
#4186 = VECTOR('',#4187,1.);
#4187 = DIRECTION('',(-1.,0.,0.));
#4188 = PLANE('',#4189);
#4189 = AXIS2_PLACEMENT_3D('',#4190,#4191,#4192);
#4190 = CARTESIAN_POINT('',(-4.6,47.6,-12.));
#4191 = DIRECTION('',(0.,0.,1.));
#4192 = DIRECTION('',(1.,0.,-0.));
#4193 = ADVANCED_FACE('',(#4194,#4264),#4325,.T.);
#4194 = FACE_BOUND('',#4195,.T.);
#4195 = EDGE_LOOP('',(#4196,#4206,#4215,#4223,#4232,#4240,#4249,#4257));
#4196 = ORIENTED_EDGE('',*,*,#4197,.F.);
#4197 = EDGE_CURVE('',#4198,#4200,#4202,.T.);
#4198 = VERTEX_POINT('',#4199);
#4199 = CARTESIAN_POINT('',(-1.1,2.,29.));
#4200 = VERTEX_POINT('',#4201);
#4201 = CARTESIAN_POINT('',(-1.1,47.,29.));
#4202 = LINE('',#4203,#4204);
#4203 = CARTESIAN_POINT('',(-1.1,11.7,29.));
#4204 = VECTOR('',#4205,1.);
#4205 = DIRECTION('',(-0.,1.,0.));
#4206 = ORIENTED_EDGE('',*,*,#4207,.T.);
#4207 = EDGE_CURVE('',#4198,#4208,#4210,.T.);
#4208 = VERTEX_POINT('',#4209);
#4209 = CARTESIAN_POINT('',(2.,-1.1,29.));
#4210 = CIRCLE('',#4211,3.1);
#4211 = AXIS2_PLACEMENT_3D('',#4212,#4213,#4214);
#4212 = CARTESIAN_POINT('',(2.,2.,29.));
#4213 = DIRECTION('',(0.,0.,1.));
#4214 = DIRECTION('',(-1.,-0.,0.));
#4215 = ORIENTED_EDGE('',*,*,#4216,.F.);
#4216 = EDGE_CURVE('',#4217,#4208,#4219,.T.);
#4217 = VERTEX_POINT('',#4218);
#4218 = CARTESIAN_POINT('',(62.,-1.1,29.));
#4219 = LINE('',#4220,#4221);
#4220 = CARTESIAN_POINT('',(15.653533051526,-1.1,29.));
#4221 = VECTOR('',#4222,1.);
#4222 = DIRECTION('',(-1.,-0.,0.));
#4223 = ORIENTED_EDGE('',*,*,#4224,.T.);
#4224 = EDGE_CURVE('',#4217,#4225,#4227,.T.);
#4225 = VERTEX_POINT('',#4226);
#4226 = CARTESIAN_POINT('',(65.1,2.,29.));
#4227 = CIRCLE('',#4228,3.1);
#4228 = AXIS2_PLACEMENT_3D('',#4229,#4230,#4231);
#4229 = CARTESIAN_POINT('',(62.,2.,29.));
#4230 = DIRECTION('',(0.,0.,1.));
#4231 = DIRECTION('',(1.,0.,-0.));
#4232 = ORIENTED_EDGE('',*,*,#4233,.T.);
#4233 = EDGE_CURVE('',#4225,#4234,#4236,.T.);
#4234 = VERTEX_POINT('',#4235);
#4235 = CARTESIAN_POINT('',(65.1,47.,29.));
#4236 = LINE('',#4237,#4238);
#4237 = CARTESIAN_POINT('',(65.1,11.7,29.));
#4238 = VECTOR('',#4239,1.);
#4239 = DIRECTION('',(-0.,1.,0.));
#4240 = ORIENTED_EDGE('',*,*,#4241,.T.);
#4241 = EDGE_CURVE('',#4234,#4242,#4244,.T.);
#4242 = VERTEX_POINT('',#4243);
#4243 = CARTESIAN_POINT('',(62.,50.1,29.));
#4244 = CIRCLE('',#4245,3.1);
#4245 = AXIS2_PLACEMENT_3D('',#4246,#4247,#4248);
#4246 = CARTESIAN_POINT('',(62.,47.,29.));
#4247 = DIRECTION('',(0.,0.,1.));
#4248 = DIRECTION('',(1.,0.,-0.));
#4249 = ORIENTED_EDGE('',*,*,#4250,.T.);
#4250 = EDGE_CURVE('',#4242,#4251,#4253,.T.);
#4251 = VERTEX_POINT('',#4252);
#4252 = CARTESIAN_POINT('',(2.,50.1,29.));
#4253 = LINE('',#4254,#4255);
#4254 = CARTESIAN_POINT('',(15.653533051526,50.1,29.));
#4255 = VECTOR('',#4256,1.);
#4256 = DIRECTION('',(-1.,-0.,0.));
#4257 = ORIENTED_EDGE('',*,*,#4258,.T.);
#4258 = EDGE_CURVE('',#4251,#4200,#4259,.T.);
#4259 = CIRCLE('',#4260,3.1);
#4260 = AXIS2_PLACEMENT_3D('',#4261,#4262,#4263);
#4261 = CARTESIAN_POINT('',(2.,47.,29.));
#4262 = DIRECTION('',(0.,0.,1.));
#4263 = DIRECTION('',(-1.,-0.,0.));
#4264 = FACE_BOUND('',#4265,.T.);
#4265 = EDGE_LOOP('',(#4266,#4275,#4276,#4285,#4293,#4302,#4310,#4319));
#4266 = ORIENTED_EDGE('',*,*,#4267,.F.);
#4267 = EDGE_CURVE('',#3487,#4268,#4270,.T.);
#4268 = VERTEX_POINT('',#4269);
#4269 = CARTESIAN_POINT('',(2.,-4.440892098501E-16,29.));
#4270 = CIRCLE('',#4271,2.);
#4271 = AXIS2_PLACEMENT_3D('',#4272,#4273,#4274);
#4272 = CARTESIAN_POINT('',(2.,2.,29.));
#4273 = DIRECTION('',(0.,0.,1.));
#4274 = DIRECTION('',(-1.,-0.,0.));
#4275 = ORIENTED_EDGE('',*,*,#3486,.T.);
#4276 = ORIENTED_EDGE('',*,*,#4277,.F.);
#4277 = EDGE_CURVE('',#4278,#3489,#4280,.T.);
#4278 = VERTEX_POINT('',#4279);
#4279 = CARTESIAN_POINT('',(2.,49.,29.));
#4280 = CIRCLE('',#4281,2.);
#4281 = AXIS2_PLACEMENT_3D('',#4282,#4283,#4284);
#4282 = CARTESIAN_POINT('',(2.,47.,29.));
#4283 = DIRECTION('',(0.,0.,1.));
#4284 = DIRECTION('',(-1.,-0.,0.));
#4285 = ORIENTED_EDGE('',*,*,#4286,.F.);
#4286 = EDGE_CURVE('',#4287,#4278,#4289,.T.);
#4287 = VERTEX_POINT('',#4288);
#4288 = CARTESIAN_POINT('',(62.,49.,29.));
#4289 = LINE('',#4290,#4291);
#4290 = CARTESIAN_POINT('',(16.203533051526,49.,29.));
#4291 = VECTOR('',#4292,1.);
#4292 = DIRECTION('',(-1.,-0.,0.));
#4293 = ORIENTED_EDGE('',*,*,#4294,.F.);
#4294 = EDGE_CURVE('',#4295,#4287,#4297,.T.);
#4295 = VERTEX_POINT('',#4296);
#4296 = CARTESIAN_POINT('',(64.,47.,29.));
#4297 = CIRCLE('',#4298,2.);
#4298 = AXIS2_PLACEMENT_3D('',#4299,#4300,#4301);
#4299 = CARTESIAN_POINT('',(62.,47.,29.));
#4300 = DIRECTION('',(0.,0.,1.));
#4301 = DIRECTION('',(1.,0.,-0.));
#4302 = ORIENTED_EDGE('',*,*,#4303,.F.);
#4303 = EDGE_CURVE('',#4304,#4295,#4306,.T.);
#4304 = VERTEX_POINT('',#4305);
#4305 = CARTESIAN_POINT('',(64.,2.,29.));
#4306 = LINE('',#4307,#4308);
#4307 = CARTESIAN_POINT('',(64.,12.25,29.));
#4308 = VECTOR('',#4309,1.);
#4309 = DIRECTION('',(-0.,1.,0.));
#4310 = ORIENTED_EDGE('',*,*,#4311,.F.);
#4311 = EDGE_CURVE('',#4312,#4304,#4314,.T.);
#4312 = VERTEX_POINT('',#4313);
#4313 = CARTESIAN_POINT('',(62.,-4.440892098501E-16,29.));
#4314 = CIRCLE('',#4315,2.);
#4315 = AXIS2_PLACEMENT_3D('',#4316,#4317,#4318);
#4316 = CARTESIAN_POINT('',(62.,2.,29.));
#4317 = DIRECTION('',(0.,0.,1.));
#4318 = DIRECTION('',(1.,0.,-0.));
#4319 = ORIENTED_EDGE('',*,*,#4320,.T.);
#4320 = EDGE_CURVE('',#4312,#4268,#4321,.T.);
#4321 = LINE('',#4322,#4323);
#4322 = CARTESIAN_POINT('',(16.203533051526,0.,29.));
#4323 = VECTOR('',#4324,1.);
#4324 = DIRECTION('',(-1.,-0.,0.));
#4325 = PLANE('',#4326);
#4326 = AXIS2_PLACEMENT_3D('',#4327,#4328,#4329);
#4327 = CARTESIAN_POINT('',(32.407066103051,24.5,29.));
#4328 = DIRECTION('',(0.,0.,1.));
#4329 = DIRECTION('',(1.,0.,-0.));
#4330 = ADVANCED_FACE('',(#4331),#4350,.F.);
#4331 = FACE_BOUND('',#4332,.F.);
#4332 = EDGE_LOOP('',(#4333,#4334,#4343,#4349));
#4333 = ORIENTED_EDGE('',*,*,#3496,.F.);
#4334 = ORIENTED_EDGE('',*,*,#4335,.T.);
#4335 = EDGE_CURVE('',#3497,#4336,#4338,.T.);
#4336 = VERTEX_POINT('',#4337);
#4337 = CARTESIAN_POINT('',(2.,-4.440892098501E-16,0.));
#4338 = CIRCLE('',#4339,2.);
#4339 = AXIS2_PLACEMENT_3D('',#4340,#4341,#4342);
#4340 = CARTESIAN_POINT('',(2.,2.,0.));
#4341 = DIRECTION('',(0.,0.,1.));
#4342 = DIRECTION('',(0.,-1.,0.));
#4343 = ORIENTED_EDGE('',*,*,#4344,.T.);
#4344 = EDGE_CURVE('',#4336,#4268,#4345,.T.);
#4345 = LINE('',#4346,#4347);
#4346 = CARTESIAN_POINT('',(2.,-4.440892098501E-16,0.));
#4347 = VECTOR('',#4348,1.);
#4348 = DIRECTION('',(0.,0.,1.));
#4349 = ORIENTED_EDGE('',*,*,#4267,.F.);
#4350 = CYLINDRICAL_SURFACE('',#4351,2.);
#4351 = AXIS2_PLACEMENT_3D('',#4352,#4353,#4354);
#4352 = CARTESIAN_POINT('',(2.,2.,0.));
#4353 = DIRECTION('',(0.,0.,1.));
#4354 = DIRECTION('',(-1.,-0.,0.));
#4355 = ADVANCED_FACE('',(#4356),#4375,.F.);
#4356 = FACE_BOUND('',#4357,.T.);
#4357 = EDGE_LOOP('',(#4358,#4359,#4368,#4374));
#4358 = ORIENTED_EDGE('',*,*,#3512,.F.);
#4359 = ORIENTED_EDGE('',*,*,#4360,.T.);
#4360 = EDGE_CURVE('',#3505,#4361,#4363,.T.);
#4361 = VERTEX_POINT('',#4362);
#4362 = CARTESIAN_POINT('',(2.,49.,0.));
#4363 = CIRCLE('',#4364,2.);
#4364 = AXIS2_PLACEMENT_3D('',#4365,#4366,#4367);
#4365 = CARTESIAN_POINT('',(2.,47.,0.));
#4366 = DIRECTION('',(-0.,-0.,-1.));
#4367 = DIRECTION('',(0.,-1.,0.));
#4368 = ORIENTED_EDGE('',*,*,#4369,.T.);
#4369 = EDGE_CURVE('',#4361,#4278,#4370,.T.);
#4370 = LINE('',#4371,#4372);
#4371 = CARTESIAN_POINT('',(2.,49.,0.));
#4372 = VECTOR('',#4373,1.);
#4373 = DIRECTION('',(0.,0.,1.));
#4374 = ORIENTED_EDGE('',*,*,#4277,.T.);
#4375 = CYLINDRICAL_SURFACE('',#4376,2.);
#4376 = AXIS2_PLACEMENT_3D('',#4377,#4378,#4379);
#4377 = CARTESIAN_POINT('',(2.,47.,0.));
#4378 = DIRECTION('',(0.,0.,1.));
#4379 = DIRECTION('',(-1.,-0.,0.));
#4380 = ADVANCED_FACE('',(#4381,#4490,#4501,#4552,#4563,#4574,#4585),
  #4596,.T.);
#4381 = FACE_BOUND('',#4382,.T.);
#4382 = EDGE_LOOP('',(#4383,#4384,#4385,#4393,#4401,#4409,#4417,#4425,
    #4434,#4442,#4451,#4459,#4467,#4475,#4483,#4489));
#4383 = ORIENTED_EDGE('',*,*,#3504,.F.);
#4384 = ORIENTED_EDGE('',*,*,#4335,.T.);
#4385 = ORIENTED_EDGE('',*,*,#4386,.T.);
#4386 = EDGE_CURVE('',#4336,#4387,#4389,.T.);
#4387 = VERTEX_POINT('',#4388);
#4388 = CARTESIAN_POINT('',(2.5,0.,0.));
#4389 = LINE('',#4390,#4391);
#4390 = CARTESIAN_POINT('',(0.,0.,0.));
#4391 = VECTOR('',#4392,1.);
#4392 = DIRECTION('',(1.,0.,-0.));
#4393 = ORIENTED_EDGE('',*,*,#4394,.T.);
#4394 = EDGE_CURVE('',#4387,#4395,#4397,.T.);
#4395 = VERTEX_POINT('',#4396);
#4396 = CARTESIAN_POINT('',(2.5,23.,0.));
#4397 = LINE('',#4398,#4399);
#4398 = CARTESIAN_POINT('',(2.5,0.,0.));
#4399 = VECTOR('',#4400,1.);
#4400 = DIRECTION('',(-0.,1.,0.));
#4401 = ORIENTED_EDGE('',*,*,#4402,.T.);
#4402 = EDGE_CURVE('',#4395,#4403,#4405,.T.);
#4403 = VERTEX_POINT('',#4404);
#4404 = CARTESIAN_POINT('',(53.5,23.,0.));
#4405 = LINE('',#4406,#4407);
#4406 = CARTESIAN_POINT('',(2.5,23.,0.));
#4407 = VECTOR('',#4408,1.);
#4408 = DIRECTION('',(1.,0.,-0.));
#4409 = ORIENTED_EDGE('',*,*,#4410,.F.);
#4410 = EDGE_CURVE('',#4411,#4403,#4413,.T.);
#4411 = VERTEX_POINT('',#4412);
#4412 = CARTESIAN_POINT('',(53.5,0.,0.));
#4413 = LINE('',#4414,#4415);
#4414 = CARTESIAN_POINT('',(53.5,0.,0.));
#4415 = VECTOR('',#4416,1.);
#4416 = DIRECTION('',(-0.,1.,0.));
#4417 = ORIENTED_EDGE('',*,*,#4418,.T.);
#4418 = EDGE_CURVE('',#4411,#4419,#4421,.T.);
#4419 = VERTEX_POINT('',#4420);
#4420 = CARTESIAN_POINT('',(62.,-4.440892098501E-16,0.));
#4421 = LINE('',#4422,#4423);
#4422 = CARTESIAN_POINT('',(0.,0.,0.));
#4423 = VECTOR('',#4424,1.);
#4424 = DIRECTION('',(1.,0.,-0.));
#4425 = ORIENTED_EDGE('',*,*,#4426,.F.);
#4426 = EDGE_CURVE('',#4427,#4419,#4429,.T.);
#4427 = VERTEX_POINT('',#4428);
#4428 = CARTESIAN_POINT('',(64.,2.,0.));
#4429 = CIRCLE('',#4430,2.);
#4430 = AXIS2_PLACEMENT_3D('',#4431,#4432,#4433);
#4431 = CARTESIAN_POINT('',(62.,2.,0.));
#4432 = DIRECTION('',(-0.,-0.,-1.));
#4433 = DIRECTION('',(0.,-1.,0.));
#4434 = ORIENTED_EDGE('',*,*,#4435,.T.);
#4435 = EDGE_CURVE('',#4427,#4436,#4438,.T.);
#4436 = VERTEX_POINT('',#4437);
#4437 = CARTESIAN_POINT('',(64.,47.,0.));
#4438 = LINE('',#4439,#4440);
#4439 = CARTESIAN_POINT('',(64.,0.,0.));
#4440 = VECTOR('',#4441,1.);
#4441 = DIRECTION('',(-0.,1.,0.));
#4442 = ORIENTED_EDGE('',*,*,#4443,.T.);
#4443 = EDGE_CURVE('',#4436,#4444,#4446,.T.);
#4444 = VERTEX_POINT('',#4445);
#4445 = CARTESIAN_POINT('',(62.,49.,0.));
#4446 = CIRCLE('',#4447,2.);
#4447 = AXIS2_PLACEMENT_3D('',#4448,#4449,#4450);
#4448 = CARTESIAN_POINT('',(62.,47.,0.));
#4449 = DIRECTION('',(0.,0.,1.));
#4450 = DIRECTION('',(0.,-1.,0.));
#4451 = ORIENTED_EDGE('',*,*,#4452,.F.);
#4452 = EDGE_CURVE('',#4453,#4444,#4455,.T.);
#4453 = VERTEX_POINT('',#4454);
#4454 = CARTESIAN_POINT('',(36.,49.,0.));
#4455 = LINE('',#4456,#4457);
#4456 = CARTESIAN_POINT('',(0.,49.,0.));
#4457 = VECTOR('',#4458,1.);
#4458 = DIRECTION('',(1.,0.,-0.));
#4459 = ORIENTED_EDGE('',*,*,#4460,.F.);
#4460 = EDGE_CURVE('',#4461,#4453,#4463,.T.);
#4461 = VERTEX_POINT('',#4462);
#4462 = CARTESIAN_POINT('',(36.,47.4,0.));
#4463 = LINE('',#4464,#4465);
#4464 = CARTESIAN_POINT('',(36.,47.4,0.));
#4465 = VECTOR('',#4466,1.);
#4466 = DIRECTION('',(-0.,1.,0.));
#4467 = ORIENTED_EDGE('',*,*,#4468,.F.);
#4468 = EDGE_CURVE('',#4469,#4461,#4471,.T.);
#4469 = VERTEX_POINT('',#4470);
#4470 = CARTESIAN_POINT('',(23.,47.4,0.));
#4471 = LINE('',#4472,#4473);
#4472 = CARTESIAN_POINT('',(23.,47.4,0.));
#4473 = VECTOR('',#4474,1.);
#4474 = DIRECTION('',(1.,0.,-0.));
#4475 = ORIENTED_EDGE('',*,*,#4476,.T.);
#4476 = EDGE_CURVE('',#4469,#4477,#4479,.T.);
#4477 = VERTEX_POINT('',#4478);
#4478 = CARTESIAN_POINT('',(23.,49.,0.));
#4479 = LINE('',#4480,#4481);
#4480 = CARTESIAN_POINT('',(23.,47.4,0.));
#4481 = VECTOR('',#4482,1.);
#4482 = DIRECTION('',(-0.,1.,0.));
#4483 = ORIENTED_EDGE('',*,*,#4484,.F.);
#4484 = EDGE_CURVE('',#4361,#4477,#4485,.T.);
#4485 = LINE('',#4486,#4487);
#4486 = CARTESIAN_POINT('',(0.,49.,0.));
#4487 = VECTOR('',#4488,1.);
#4488 = DIRECTION('',(1.,0.,-0.));
#4489 = ORIENTED_EDGE('',*,*,#4360,.F.);
#4490 = FACE_BOUND('',#4491,.T.);
#4491 = EDGE_LOOP('',(#4492));
#4492 = ORIENTED_EDGE('',*,*,#4493,.F.);
#4493 = EDGE_CURVE('',#4494,#4494,#4496,.T.);
#4494 = VERTEX_POINT('',#4495);
#4495 = CARTESIAN_POINT('',(41.3,31.5,0.));
#4496 = CIRCLE('',#4497,1.3);
#4497 = AXIS2_PLACEMENT_3D('',#4498,#4499,#4500);
#4498 = CARTESIAN_POINT('',(40.,31.5,0.));
#4499 = DIRECTION('',(0.,0.,1.));
#4500 = DIRECTION('',(1.,0.,-0.));
#4501 = FACE_BOUND('',#4502,.T.);
#4502 = EDGE_LOOP('',(#4503,#4514,#4522,#4530,#4538,#4546));
#4503 = ORIENTED_EDGE('',*,*,#4504,.F.);
#4504 = EDGE_CURVE('',#4505,#4507,#4509,.T.);
#4505 = VERTEX_POINT('',#4506);
#4506 = CARTESIAN_POINT('',(54.4,27.5,0.));
#4507 = VERTEX_POINT('',#4508);
#4508 = CARTESIAN_POINT('',(54.4,26.5,0.));
#4509 = CIRCLE('',#4510,1.3);
#4510 = AXIS2_PLACEMENT_3D('',#4511,#4512,#4513);
#4511 = CARTESIAN_POINT('',(53.2,27.,0.));
#4512 = DIRECTION('',(0.,0.,1.));
#4513 = DIRECTION('',(1.,0.,-0.));
#4514 = ORIENTED_EDGE('',*,*,#4515,.T.);
#4515 = EDGE_CURVE('',#4505,#4516,#4518,.T.);
#4516 = VERTEX_POINT('',#4517);
#4517 = CARTESIAN_POINT('',(54.4,36.,0.));
#4518 = LINE('',#4519,#4520);
#4519 = CARTESIAN_POINT('',(54.4,26.,0.));
#4520 = VECTOR('',#4521,1.);
#4521 = DIRECTION('',(-0.,1.,0.));
#4522 = ORIENTED_EDGE('',*,*,#4523,.T.);
#4523 = EDGE_CURVE('',#4516,#4524,#4526,.T.);
#4524 = VERTEX_POINT('',#4525);
#4525 = CARTESIAN_POINT('',(56.,36.,0.));
#4526 = LINE('',#4527,#4528);
#4527 = CARTESIAN_POINT('',(54.4,36.,0.));
#4528 = VECTOR('',#4529,1.);
#4529 = DIRECTION('',(1.,0.,-0.));
#4530 = ORIENTED_EDGE('',*,*,#4531,.F.);
#4531 = EDGE_CURVE('',#4532,#4524,#4534,.T.);
#4532 = VERTEX_POINT('',#4533);
#4533 = CARTESIAN_POINT('',(56.,26.,0.));
#4534 = LINE('',#4535,#4536);
#4535 = CARTESIAN_POINT('',(56.,26.,0.));
#4536 = VECTOR('',#4537,1.);
#4537 = DIRECTION('',(-0.,1.,0.));
#4538 = ORIENTED_EDGE('',*,*,#4539,.F.);
#4539 = EDGE_CURVE('',#4540,#4532,#4542,.T.);
#4540 = VERTEX_POINT('',#4541);
#4541 = CARTESIAN_POINT('',(54.4,26.,0.));
#4542 = LINE('',#4543,#4544);
#4543 = CARTESIAN_POINT('',(54.4,26.,0.));
#4544 = VECTOR('',#4545,1.);
#4545 = DIRECTION('',(1.,0.,-0.));
#4546 = ORIENTED_EDGE('',*,*,#4547,.T.);
#4547 = EDGE_CURVE('',#4540,#4507,#4548,.T.);
#4548 = LINE('',#4549,#4550);
#4549 = CARTESIAN_POINT('',(54.4,26.,0.));
#4550 = VECTOR('',#4551,1.);
#4551 = DIRECTION('',(-0.,1.,0.));
#4552 = FACE_BOUND('',#4553,.T.);
#4553 = EDGE_LOOP('',(#4554));
#4554 = ORIENTED_EDGE('',*,*,#4555,.F.);
#4555 = EDGE_CURVE('',#4556,#4556,#4558,.T.);
#4556 = VERTEX_POINT('',#4557);
#4557 = CARTESIAN_POINT('',(20.3,39.,0.));
#4558 = CIRCLE('',#4559,1.3);
#4559 = AXIS2_PLACEMENT_3D('',#4560,#4561,#4562);
#4560 = CARTESIAN_POINT('',(19.,39.,0.));
#4561 = DIRECTION('',(0.,0.,1.));
#4562 = DIRECTION('',(1.,0.,-0.));
#4563 = FACE_BOUND('',#4564,.T.);
#4564 = EDGE_LOOP('',(#4565));
#4565 = ORIENTED_EDGE('',*,*,#4566,.F.);
#4566 = EDGE_CURVE('',#4567,#4567,#4569,.T.);
#4567 = VERTEX_POINT('',#4568);
#4568 = CARTESIAN_POINT('',(10.3,42.,0.));
#4569 = CIRCLE('',#4570,1.3);
#4570 = AXIS2_PLACEMENT_3D('',#4571,#4572,#4573);
#4571 = CARTESIAN_POINT('',(9.,42.,0.));
#4572 = DIRECTION('',(0.,0.,1.));
#4573 = DIRECTION('',(1.,0.,-0.));
#4574 = FACE_BOUND('',#4575,.T.);
#4575 = EDGE_LOOP('',(#4576));
#4576 = ORIENTED_EDGE('',*,*,#4577,.F.);
#4577 = EDGE_CURVE('',#4578,#4578,#4580,.T.);
#4578 = VERTEX_POINT('',#4579);
#4579 = CARTESIAN_POINT('',(32.25,40.15,0.));
#4580 = CIRCLE('',#4581,2.75);
#4581 = AXIS2_PLACEMENT_3D('',#4582,#4583,#4584);
#4582 = CARTESIAN_POINT('',(29.5,40.15,0.));
#4583 = DIRECTION('',(0.,0.,1.));
#4584 = DIRECTION('',(1.,0.,-0.));
#4585 = FACE_BOUND('',#4586,.T.);
#4586 = EDGE_LOOP('',(#4587));
#4587 = ORIENTED_EDGE('',*,*,#4588,.F.);
#4588 = EDGE_CURVE('',#4589,#4589,#4591,.T.);
#4589 = VERTEX_POINT('',#4590);
#4590 = CARTESIAN_POINT('',(54.1,39.2,0.));
#4591 = CIRCLE('',#4592,1.3);
#4592 = AXIS2_PLACEMENT_3D('',#4593,#4594,#4595);
#4593 = CARTESIAN_POINT('',(52.8,39.2,0.));
#4594 = DIRECTION('',(0.,0.,1.));
#4595 = DIRECTION('',(1.,0.,-0.));
#4596 = PLANE('',#4597);
#4597 = AXIS2_PLACEMENT_3D('',#4598,#4599,#4600);
#4598 = CARTESIAN_POINT('',(0.,0.,0.));
#4599 = DIRECTION('',(0.,0.,1.));
#4600 = DIRECTION('',(1.,0.,-0.));
#4601 = ADVANCED_FACE('',(#4602),#4627,.F.);
#4602 = FACE_BOUND('',#4603,.F.);
#4603 = EDGE_LOOP('',(#4604,#4605,#4613,#4621));
#4604 = ORIENTED_EDGE('',*,*,#3523,.F.);
#4605 = ORIENTED_EDGE('',*,*,#4606,.T.);
#4606 = EDGE_CURVE('',#3524,#4607,#4609,.T.);
#4607 = VERTEX_POINT('',#4608);
#4608 = CARTESIAN_POINT('',(5.6,26.,17.6));
#4609 = LINE('',#4610,#4611);
#4610 = CARTESIAN_POINT('',(0.,26.,17.6));
#4611 = VECTOR('',#4612,1.);
#4612 = DIRECTION('',(1.,0.,-0.));
#4613 = ORIENTED_EDGE('',*,*,#4614,.T.);
#4614 = EDGE_CURVE('',#4607,#4615,#4617,.T.);
#4615 = VERTEX_POINT('',#4616);
#4616 = CARTESIAN_POINT('',(5.6,36.,17.6));
#4617 = LINE('',#4618,#4619);
#4618 = CARTESIAN_POINT('',(5.6,26.,17.6));
#4619 = VECTOR('',#4620,1.);
#4620 = DIRECTION('',(-0.,1.,0.));
#4621 = ORIENTED_EDGE('',*,*,#4622,.F.);
#4622 = EDGE_CURVE('',#3526,#4615,#4623,.T.);
#4623 = LINE('',#4624,#4625);
#4624 = CARTESIAN_POINT('',(0.,36.,17.6));
#4625 = VECTOR('',#4626,1.);
#4626 = DIRECTION('',(1.,0.,-0.));
#4627 = PLANE('',#4628);
#4628 = AXIS2_PLACEMENT_3D('',#4629,#4630,#4631);
#4629 = CARTESIAN_POINT('',(0.,26.,17.6));
#4630 = DIRECTION('',(0.,0.,1.));
#4631 = DIRECTION('',(1.,0.,-0.));
#4632 = ADVANCED_FACE('',(#4633),#4651,.F.);
#4633 = FACE_BOUND('',#4634,.F.);
#4634 = EDGE_LOOP('',(#4635,#4636,#4637,#4645));
#4635 = ORIENTED_EDGE('',*,*,#4606,.F.);
#4636 = ORIENTED_EDGE('',*,*,#3533,.T.);
#4637 = ORIENTED_EDGE('',*,*,#4638,.T.);
#4638 = EDGE_CURVE('',#3534,#4639,#4641,.T.);
#4639 = VERTEX_POINT('',#4640);
#4640 = CARTESIAN_POINT('',(5.6,26.,18.8));
#4641 = LINE('',#4642,#4643);
#4642 = CARTESIAN_POINT('',(0.,26.,18.8));
#4643 = VECTOR('',#4644,1.);
#4644 = DIRECTION('',(1.,0.,-0.));
#4645 = ORIENTED_EDGE('',*,*,#4646,.F.);
#4646 = EDGE_CURVE('',#4607,#4639,#4647,.T.);
#4647 = LINE('',#4648,#4649);
#4648 = CARTESIAN_POINT('',(5.6,26.,17.6));
#4649 = VECTOR('',#4650,1.);
#4650 = DIRECTION('',(0.,0.,1.));
#4651 = PLANE('',#4652);
#4652 = AXIS2_PLACEMENT_3D('',#4653,#4654,#4655);
#4653 = CARTESIAN_POINT('',(0.,26.,17.6));
#4654 = DIRECTION('',(-0.,1.,0.));
#4655 = DIRECTION('',(0.,0.,1.));
#4656 = ADVANCED_FACE('',(#4657),#4675,.T.);
#4657 = FACE_BOUND('',#4658,.T.);
#4658 = EDGE_LOOP('',(#4659,#4660,#4661,#4669));
#4659 = ORIENTED_EDGE('',*,*,#4622,.F.);
#4660 = ORIENTED_EDGE('',*,*,#3549,.T.);
#4661 = ORIENTED_EDGE('',*,*,#4662,.T.);
#4662 = EDGE_CURVE('',#3542,#4663,#4665,.T.);
#4663 = VERTEX_POINT('',#4664);
#4664 = CARTESIAN_POINT('',(5.6,36.,18.8));
#4665 = LINE('',#4666,#4667);
#4666 = CARTESIAN_POINT('',(0.,36.,18.8));
#4667 = VECTOR('',#4668,1.);
#4668 = DIRECTION('',(1.,0.,-0.));
#4669 = ORIENTED_EDGE('',*,*,#4670,.F.);
#4670 = EDGE_CURVE('',#4615,#4663,#4671,.T.);
#4671 = LINE('',#4672,#4673);
#4672 = CARTESIAN_POINT('',(5.6,36.,17.6));
#4673 = VECTOR('',#4674,1.);
#4674 = DIRECTION('',(0.,0.,1.));
#4675 = PLANE('',#4676);
#4676 = AXIS2_PLACEMENT_3D('',#4677,#4678,#4679);
#4677 = CARTESIAN_POINT('',(0.,36.,17.6));
#4678 = DIRECTION('',(-0.,1.,0.));
#4679 = DIRECTION('',(0.,0.,1.));
#4680 = ADVANCED_FACE('',(#4681),#4692,.T.);
#4681 = FACE_BOUND('',#4682,.T.);
#4682 = EDGE_LOOP('',(#4683,#4684,#4685,#4691));
#4683 = ORIENTED_EDGE('',*,*,#3541,.F.);
#4684 = ORIENTED_EDGE('',*,*,#4638,.T.);
#4685 = ORIENTED_EDGE('',*,*,#4686,.T.);
#4686 = EDGE_CURVE('',#4639,#4663,#4687,.T.);
#4687 = LINE('',#4688,#4689);
#4688 = CARTESIAN_POINT('',(5.6,26.,18.8));
#4689 = VECTOR('',#4690,1.);
#4690 = DIRECTION('',(-0.,1.,0.));
#4691 = ORIENTED_EDGE('',*,*,#4662,.F.);
#4692 = PLANE('',#4693);
#4693 = AXIS2_PLACEMENT_3D('',#4694,#4695,#4696);
#4694 = CARTESIAN_POINT('',(0.,26.,18.8));
#4695 = DIRECTION('',(0.,0.,1.));
#4696 = DIRECTION('',(1.,0.,-0.));
#4697 = ADVANCED_FACE('',(#4698),#4717,.F.);
#4698 = FACE_BOUND('',#4699,.F.);
#4699 = EDGE_LOOP('',(#4700,#4709,#4715,#4716));
#4700 = ORIENTED_EDGE('',*,*,#4701,.F.);
#4701 = EDGE_CURVE('',#4702,#4702,#4704,.T.);
#4702 = VERTEX_POINT('',#4703);
#4703 = CARTESIAN_POINT('',(-4.6,14.,10.));
#4704 = CIRCLE('',#4705,1.);
#4705 = AXIS2_PLACEMENT_3D('',#4706,#4707,#4708);
#4706 = CARTESIAN_POINT('',(-4.6,14.,9.));
#4707 = DIRECTION('',(1.,0.,0.));
#4708 = DIRECTION('',(-0.,0.,1.));
#4709 = ORIENTED_EDGE('',*,*,#4710,.F.);
#4710 = EDGE_CURVE('',#3616,#4702,#4711,.T.);
#4711 = LINE('',#4712,#4713);
#4712 = CARTESIAN_POINT('',(-8.6,14.,10.));
#4713 = VECTOR('',#4714,1.);
#4714 = DIRECTION('',(1.,0.,0.));
#4715 = ORIENTED_EDGE('',*,*,#3615,.T.);
#4716 = ORIENTED_EDGE('',*,*,#4710,.T.);
#4717 = CYLINDRICAL_SURFACE('',#4718,1.);
#4718 = AXIS2_PLACEMENT_3D('',#4719,#4720,#4721);
#4719 = CARTESIAN_POINT('',(-8.6,14.,9.));
#4720 = DIRECTION('',(1.,0.,0.));
#4721 = DIRECTION('',(-0.,0.,1.));
#4722 = ADVANCED_FACE('',(#4723),#4742,.F.);
#4723 = FACE_BOUND('',#4724,.F.);
#4724 = EDGE_LOOP('',(#4725,#4726,#4734,#4741));
#4725 = ORIENTED_EDGE('',*,*,#3684,.F.);
#4726 = ORIENTED_EDGE('',*,*,#4727,.F.);
#4727 = EDGE_CURVE('',#4728,#3685,#4730,.T.);
#4728 = VERTEX_POINT('',#4729);
#4729 = CARTESIAN_POINT('',(64.,24.5,19.3));
#4730 = LINE('',#4731,#4732);
#4731 = CARTESIAN_POINT('',(63.,24.5,19.3));
#4732 = VECTOR('',#4733,1.);
#4733 = DIRECTION('',(1.,0.,0.));
#4734 = ORIENTED_EDGE('',*,*,#4735,.T.);
#4735 = EDGE_CURVE('',#4728,#4728,#4736,.T.);
#4736 = CIRCLE('',#4737,6.3);
#4737 = AXIS2_PLACEMENT_3D('',#4738,#4739,#4740);
#4738 = CARTESIAN_POINT('',(64.,24.5,13.));
#4739 = DIRECTION('',(1.,0.,0.));
#4740 = DIRECTION('',(-0.,0.,1.));
#4741 = ORIENTED_EDGE('',*,*,#4727,.T.);
#4742 = CYLINDRICAL_SURFACE('',#4743,6.3);
#4743 = AXIS2_PLACEMENT_3D('',#4744,#4745,#4746);
#4744 = CARTESIAN_POINT('',(63.,24.5,13.));
#4745 = DIRECTION('',(1.,0.,0.));
#4746 = DIRECTION('',(-0.,0.,1.));
#4747 = ADVANCED_FACE('',(#4748),#4759,.T.);
#4748 = FACE_BOUND('',#4749,.T.);
#4749 = EDGE_LOOP('',(#4750,#4756,#4757,#4758));
#4750 = ORIENTED_EDGE('',*,*,#4751,.F.);
#4751 = EDGE_CURVE('',#3831,#3765,#4752,.T.);
#4752 = LINE('',#4753,#4754);
#4753 = CARTESIAN_POINT('',(-5.6,50.6,-11.));
#4754 = VECTOR('',#4755,1.);
#4755 = DIRECTION('',(1.,0.,0.));
#4756 = ORIENTED_EDGE('',*,*,#3838,.T.);
#4757 = ORIENTED_EDGE('',*,*,#3804,.T.);
#4758 = ORIENTED_EDGE('',*,*,#3772,.F.);
#4759 = PLANE('',#4760);
#4760 = AXIS2_PLACEMENT_3D('',#4761,#4762,#4763);
#4761 = CARTESIAN_POINT('',(-5.6,52.1,-13.));
#4762 = DIRECTION('',(0.,-0.8,-0.6));
#4763 = DIRECTION('',(0.,-0.6,0.8));
#4764 = ADVANCED_FACE('',(#4765),#4771,.T.);
#4765 = FACE_BOUND('',#4766,.T.);
#4766 = EDGE_LOOP('',(#4767,#4768,#4769,#4770));
#4767 = ORIENTED_EDGE('',*,*,#3830,.T.);
#4768 = ORIENTED_EDGE('',*,*,#4751,.T.);
#4769 = ORIENTED_EDGE('',*,*,#3764,.F.);
#4770 = ORIENTED_EDGE('',*,*,#4183,.T.);
#4771 = PLANE('',#4772);
#4772 = AXIS2_PLACEMENT_3D('',#4773,#4774,#4775);
#4773 = CARTESIAN_POINT('',(-5.6,50.6,-11.));
#4774 = DIRECTION('',(0.,0.8,-0.6));
#4775 = DIRECTION('',(0.,-0.6,-0.8));
#4776 = ADVANCED_FACE('',(#4777),#4788,.T.);
#4777 = FACE_BOUND('',#4778,.T.);
#4778 = EDGE_LOOP('',(#4779,#4785,#4786,#4787));
#4779 = ORIENTED_EDGE('',*,*,#4780,.F.);
#4780 = EDGE_CURVE('',#3921,#3980,#4781,.T.);
#4781 = LINE('',#4782,#4783);
#4782 = CARTESIAN_POINT('',(-5.6,-1.6,-11.));
#4783 = VECTOR('',#4784,1.);
#4784 = DIRECTION('',(1.,0.,0.));
#4785 = ORIENTED_EDGE('',*,*,#3928,.T.);
#4786 = ORIENTED_EDGE('',*,*,#4164,.T.);
#4787 = ORIENTED_EDGE('',*,*,#3987,.F.);
#4788 = PLANE('',#4789);
#4789 = AXIS2_PLACEMENT_3D('',#4790,#4791,#4792);
#4790 = CARTESIAN_POINT('',(-5.6,-1.E-01,-13.));
#4791 = DIRECTION('',(0.,-0.8,-0.6));
#4792 = DIRECTION('',(0.,-0.6,0.8));
#4793 = ADVANCED_FACE('',(#4794),#4800,.T.);
#4794 = FACE_BOUND('',#4795,.T.);
#4795 = EDGE_LOOP('',(#4796,#4797,#4798,#4799));
#4796 = ORIENTED_EDGE('',*,*,#3920,.T.);
#4797 = ORIENTED_EDGE('',*,*,#4780,.T.);
#4798 = ORIENTED_EDGE('',*,*,#3979,.F.);
#4799 = ORIENTED_EDGE('',*,*,#3963,.T.);
#4800 = PLANE('',#4801);
#4801 = AXIS2_PLACEMENT_3D('',#4802,#4803,#4804);
#4802 = CARTESIAN_POINT('',(-5.6,-1.6,-11.));
#4803 = DIRECTION('',(0.,0.8,-0.6));
#4804 = DIRECTION('',(0.,-0.6,-0.8));
#4805 = ADVANCED_FACE('',(#4806),#4822,.T.);
#4806 = FACE_BOUND('',#4807,.T.);
#4807 = EDGE_LOOP('',(#4808,#4814,#4815,#4821));
#4808 = ORIENTED_EDGE('',*,*,#4809,.F.);
#4809 = EDGE_CURVE('',#4079,#4198,#4810,.T.);
#4810 = LINE('',#4811,#4812);
#4811 = CARTESIAN_POINT('',(-1.1,2.,26.4));
#4812 = VECTOR('',#4813,1.);
#4813 = DIRECTION('',(0.,0.,1.));
#4814 = ORIENTED_EDGE('',*,*,#4078,.T.);
#4815 = ORIENTED_EDGE('',*,*,#4816,.T.);
#4816 = EDGE_CURVE('',#4081,#4208,#4817,.T.);
#4817 = LINE('',#4818,#4819);
#4818 = CARTESIAN_POINT('',(2.,-1.1,26.4));
#4819 = VECTOR('',#4820,1.);
#4820 = DIRECTION('',(0.,0.,1.));
#4821 = ORIENTED_EDGE('',*,*,#4207,.F.);
#4822 = CYLINDRICAL_SURFACE('',#4823,3.1);
#4823 = AXIS2_PLACEMENT_3D('',#4824,#4825,#4826);
#4824 = CARTESIAN_POINT('',(2.,2.,26.4));
#4825 = DIRECTION('',(0.,0.,1.));
#4826 = DIRECTION('',(-1.,-0.,0.));
#4827 = ADVANCED_FACE('',(#4828),#4839,.F.);
#4828 = FACE_BOUND('',#4829,.F.);
#4829 = EDGE_LOOP('',(#4830,#4836,#4837,#4838));
#4830 = ORIENTED_EDGE('',*,*,#4831,.F.);
#4831 = EDGE_CURVE('',#4132,#4217,#4832,.T.);
#4832 = LINE('',#4833,#4834);
#4833 = CARTESIAN_POINT('',(62.,-1.1,26.4));
#4834 = VECTOR('',#4835,1.);
#4835 = DIRECTION('',(0.,0.,1.));
#4836 = ORIENTED_EDGE('',*,*,#4140,.T.);
#4837 = ORIENTED_EDGE('',*,*,#4816,.T.);
#4838 = ORIENTED_EDGE('',*,*,#4216,.F.);
#4839 = PLANE('',#4840);
#4840 = AXIS2_PLACEMENT_3D('',#4841,#4842,#4843);
#4841 = CARTESIAN_POINT('',(-1.1,-1.1,26.4));
#4842 = DIRECTION('',(-0.,1.,0.));
#4843 = DIRECTION('',(0.,0.,1.));
#4844 = ADVANCED_FACE('',(#4845),#4856,.T.);
#4845 = FACE_BOUND('',#4846,.F.);
#4846 = EDGE_LOOP('',(#4847,#4853,#4854,#4855));
#4847 = ORIENTED_EDGE('',*,*,#4848,.F.);
#4848 = EDGE_CURVE('',#4124,#4225,#4849,.T.);
#4849 = LINE('',#4850,#4851);
#4850 = CARTESIAN_POINT('',(65.1,2.,26.4));
#4851 = VECTOR('',#4852,1.);
#4852 = DIRECTION('',(0.,0.,1.));
#4853 = ORIENTED_EDGE('',*,*,#4131,.F.);
#4854 = ORIENTED_EDGE('',*,*,#4831,.T.);
#4855 = ORIENTED_EDGE('',*,*,#4224,.T.);
#4856 = CYLINDRICAL_SURFACE('',#4857,3.1);
#4857 = AXIS2_PLACEMENT_3D('',#4858,#4859,#4860);
#4858 = CARTESIAN_POINT('',(62.,2.,26.4));
#4859 = DIRECTION('',(0.,0.,1.));
#4860 = DIRECTION('',(1.,0.,-0.));
#4861 = ADVANCED_FACE('',(#4862),#4873,.T.);
#4862 = FACE_BOUND('',#4863,.T.);
#4863 = EDGE_LOOP('',(#4864,#4865,#4866,#4867));
#4864 = ORIENTED_EDGE('',*,*,#4233,.F.);
#4865 = ORIENTED_EDGE('',*,*,#4848,.F.);
#4866 = ORIENTED_EDGE('',*,*,#4123,.T.);
#4867 = ORIENTED_EDGE('',*,*,#4868,.T.);
#4868 = EDGE_CURVE('',#4115,#4234,#4869,.T.);
#4869 = LINE('',#4870,#4871);
#4870 = CARTESIAN_POINT('',(65.1,47.,26.4));
#4871 = VECTOR('',#4872,1.);
#4872 = DIRECTION('',(0.,0.,1.));
#4873 = PLANE('',#4874);
#4874 = AXIS2_PLACEMENT_3D('',#4875,#4876,#4877);
#4875 = CARTESIAN_POINT('',(65.1,-1.1,26.4));
#4876 = DIRECTION('',(1.,0.,-0.));
#4877 = DIRECTION('',(0.,0.,1.));
#4878 = ADVANCED_FACE('',(#4879),#4890,.T.);
#4879 = FACE_BOUND('',#4880,.T.);
#4880 = EDGE_LOOP('',(#4881,#4882,#4883,#4889));
#4881 = ORIENTED_EDGE('',*,*,#4868,.F.);
#4882 = ORIENTED_EDGE('',*,*,#4114,.T.);
#4883 = ORIENTED_EDGE('',*,*,#4884,.T.);
#4884 = EDGE_CURVE('',#4107,#4242,#4885,.T.);
#4885 = LINE('',#4886,#4887);
#4886 = CARTESIAN_POINT('',(62.,50.1,26.4));
#4887 = VECTOR('',#4888,1.);
#4888 = DIRECTION('',(0.,0.,1.));
#4889 = ORIENTED_EDGE('',*,*,#4241,.F.);
#4890 = CYLINDRICAL_SURFACE('',#4891,3.1);
#4891 = AXIS2_PLACEMENT_3D('',#4892,#4893,#4894);
#4892 = CARTESIAN_POINT('',(62.,47.,26.4));
#4893 = DIRECTION('',(0.,0.,1.));
#4894 = DIRECTION('',(1.,0.,-0.));
#4895 = ADVANCED_FACE('',(#4896),#4907,.T.);
#4896 = FACE_BOUND('',#4897,.T.);
#4897 = EDGE_LOOP('',(#4898,#4899,#4900,#4906));
#4898 = ORIENTED_EDGE('',*,*,#4884,.F.);
#4899 = ORIENTED_EDGE('',*,*,#4106,.T.);
#4900 = ORIENTED_EDGE('',*,*,#4901,.T.);
#4901 = EDGE_CURVE('',#4098,#4251,#4902,.T.);
#4902 = LINE('',#4903,#4904);
#4903 = CARTESIAN_POINT('',(2.,50.1,26.4));
#4904 = VECTOR('',#4905,1.);
#4905 = DIRECTION('',(0.,0.,1.));
#4906 = ORIENTED_EDGE('',*,*,#4250,.F.);
#4907 = PLANE('',#4908);
#4908 = AXIS2_PLACEMENT_3D('',#4909,#4910,#4911);
#4909 = CARTESIAN_POINT('',(-1.1,50.1,26.4));
#4910 = DIRECTION('',(-0.,1.,0.));
#4911 = DIRECTION('',(0.,0.,1.));
#4912 = ADVANCED_FACE('',(#4913),#4924,.T.);
#4913 = FACE_BOUND('',#4914,.F.);
#4914 = EDGE_LOOP('',(#4915,#4921,#4922,#4923));
#4915 = ORIENTED_EDGE('',*,*,#4916,.F.);
#4916 = EDGE_CURVE('',#4090,#4200,#4917,.T.);
#4917 = LINE('',#4918,#4919);
#4918 = CARTESIAN_POINT('',(-1.1,47.,26.4));
#4919 = VECTOR('',#4920,1.);
#4920 = DIRECTION('',(0.,0.,1.));
#4921 = ORIENTED_EDGE('',*,*,#4097,.F.);
#4922 = ORIENTED_EDGE('',*,*,#4901,.T.);
#4923 = ORIENTED_EDGE('',*,*,#4258,.T.);
#4924 = CYLINDRICAL_SURFACE('',#4925,3.1);
#4925 = AXIS2_PLACEMENT_3D('',#4926,#4927,#4928);
#4926 = CARTESIAN_POINT('',(2.,47.,26.4));
#4927 = DIRECTION('',(0.,0.,1.));
#4928 = DIRECTION('',(-1.,-0.,0.));
#4929 = ADVANCED_FACE('',(#4930),#4936,.F.);
#4930 = FACE_BOUND('',#4931,.F.);
#4931 = EDGE_LOOP('',(#4932,#4933,#4934,#4935));
#4932 = ORIENTED_EDGE('',*,*,#4197,.F.);
#4933 = ORIENTED_EDGE('',*,*,#4809,.F.);
#4934 = ORIENTED_EDGE('',*,*,#4089,.T.);
#4935 = ORIENTED_EDGE('',*,*,#4916,.T.);
#4936 = PLANE('',#4937);
#4937 = AXIS2_PLACEMENT_3D('',#4938,#4939,#4940);
#4938 = CARTESIAN_POINT('',(-1.1,-1.1,26.4));
#4939 = DIRECTION('',(1.,0.,-0.));
#4940 = DIRECTION('',(0.,0.,1.));
#4941 = ADVANCED_FACE('',(#4942,#4976),#5010,.T.);
#4942 = FACE_BOUND('',#4943,.T.);
#4943 = EDGE_LOOP('',(#4944,#4945,#4946,#4947,#4953,#4954,#4962,#4970));
#4944 = ORIENTED_EDGE('',*,*,#4386,.F.);
#4945 = ORIENTED_EDGE('',*,*,#4344,.T.);
#4946 = ORIENTED_EDGE('',*,*,#4320,.F.);
#4947 = ORIENTED_EDGE('',*,*,#4948,.F.);
#4948 = EDGE_CURVE('',#4419,#4312,#4949,.T.);
#4949 = LINE('',#4950,#4951);
#4950 = CARTESIAN_POINT('',(62.,-4.440892098501E-16,0.));
#4951 = VECTOR('',#4952,1.);
#4952 = DIRECTION('',(0.,0.,1.));
#4953 = ORIENTED_EDGE('',*,*,#4418,.F.);
#4954 = ORIENTED_EDGE('',*,*,#4955,.T.);
#4955 = EDGE_CURVE('',#4411,#4956,#4958,.T.);
#4956 = VERTEX_POINT('',#4957);
#4957 = CARTESIAN_POINT('',(53.5,0.,9.5));
#4958 = LINE('',#4959,#4960);
#4959 = CARTESIAN_POINT('',(53.5,0.,0.));
#4960 = VECTOR('',#4961,1.);
#4961 = DIRECTION('',(0.,0.,1.));
#4962 = ORIENTED_EDGE('',*,*,#4963,.F.);
#4963 = EDGE_CURVE('',#4964,#4956,#4966,.T.);
#4964 = VERTEX_POINT('',#4965);
#4965 = CARTESIAN_POINT('',(2.5,0.,9.5));
#4966 = LINE('',#4967,#4968);
#4967 = CARTESIAN_POINT('',(2.5,0.,9.5));
#4968 = VECTOR('',#4969,1.);
#4969 = DIRECTION('',(1.,0.,-0.));
#4970 = ORIENTED_EDGE('',*,*,#4971,.F.);
#4971 = EDGE_CURVE('',#4387,#4964,#4972,.T.);
#4972 = LINE('',#4973,#4974);
#4973 = CARTESIAN_POINT('',(2.5,0.,0.));
#4974 = VECTOR('',#4975,1.);
#4975 = DIRECTION('',(0.,0.,1.));
#4976 = FACE_BOUND('',#4977,.T.);
#4977 = EDGE_LOOP('',(#4978,#4988,#4996,#5004));
#4978 = ORIENTED_EDGE('',*,*,#4979,.F.);
#4979 = EDGE_CURVE('',#4980,#4982,#4984,.T.);
#4980 = VERTEX_POINT('',#4981);
#4981 = CARTESIAN_POINT('',(20.,0.,11.4));
#4982 = VERTEX_POINT('',#4983);
#4983 = CARTESIAN_POINT('',(20.,0.,18.8));
#4984 = LINE('',#4985,#4986);
#4985 = CARTESIAN_POINT('',(20.,0.,11.4));
#4986 = VECTOR('',#4987,1.);
#4987 = DIRECTION('',(0.,0.,1.));
#4988 = ORIENTED_EDGE('',*,*,#4989,.T.);
#4989 = EDGE_CURVE('',#4980,#4990,#4992,.T.);
#4990 = VERTEX_POINT('',#4991);
#4991 = CARTESIAN_POINT('',(39.,0.,11.4));
#4992 = LINE('',#4993,#4994);
#4993 = CARTESIAN_POINT('',(20.,0.,11.4));
#4994 = VECTOR('',#4995,1.);
#4995 = DIRECTION('',(1.,0.,-0.));
#4996 = ORIENTED_EDGE('',*,*,#4997,.T.);
#4997 = EDGE_CURVE('',#4990,#4998,#5000,.T.);
#4998 = VERTEX_POINT('',#4999);
#4999 = CARTESIAN_POINT('',(39.,0.,18.8));
#5000 = LINE('',#5001,#5002);
#5001 = CARTESIAN_POINT('',(39.,0.,11.4));
#5002 = VECTOR('',#5003,1.);
#5003 = DIRECTION('',(0.,0.,1.));
#5004 = ORIENTED_EDGE('',*,*,#5005,.F.);
#5005 = EDGE_CURVE('',#4982,#4998,#5006,.T.);
#5006 = LINE('',#5007,#5008);
#5007 = CARTESIAN_POINT('',(20.,0.,18.8));
#5008 = VECTOR('',#5009,1.);
#5009 = DIRECTION('',(1.,0.,-0.));
#5010 = PLANE('',#5011);
#5011 = AXIS2_PLACEMENT_3D('',#5012,#5013,#5014);
#5012 = CARTESIAN_POINT('',(0.,0.,0.));
#5013 = DIRECTION('',(-0.,1.,0.));
#5014 = DIRECTION('',(0.,0.,1.));
#5015 = ADVANCED_FACE('',(#5016),#5027,.F.);
#5016 = FACE_BOUND('',#5017,.T.);
#5017 = EDGE_LOOP('',(#5018,#5024,#5025,#5026));
#5018 = ORIENTED_EDGE('',*,*,#5019,.F.);
#5019 = EDGE_CURVE('',#4427,#4304,#5020,.T.);
#5020 = LINE('',#5021,#5022);
#5021 = CARTESIAN_POINT('',(64.,2.,0.));
#5022 = VECTOR('',#5023,1.);
#5023 = DIRECTION('',(0.,0.,1.));
#5024 = ORIENTED_EDGE('',*,*,#4426,.T.);
#5025 = ORIENTED_EDGE('',*,*,#4948,.T.);
#5026 = ORIENTED_EDGE('',*,*,#4311,.T.);
#5027 = CYLINDRICAL_SURFACE('',#5028,2.);
#5028 = AXIS2_PLACEMENT_3D('',#5029,#5030,#5031);
#5029 = CARTESIAN_POINT('',(62.,2.,0.));
#5030 = DIRECTION('',(0.,0.,1.));
#5031 = DIRECTION('',(1.,0.,-0.));
#5032 = ADVANCED_FACE('',(#5033),#5067,.F.);
#5033 = FACE_BOUND('',#5034,.F.);
#5034 = EDGE_LOOP('',(#5035,#5036,#5037,#5038,#5044,#5045,#5053,#5061));
#5035 = ORIENTED_EDGE('',*,*,#4484,.F.);
#5036 = ORIENTED_EDGE('',*,*,#4369,.T.);
#5037 = ORIENTED_EDGE('',*,*,#4286,.F.);
#5038 = ORIENTED_EDGE('',*,*,#5039,.F.);
#5039 = EDGE_CURVE('',#4444,#4287,#5040,.T.);
#5040 = LINE('',#5041,#5042);
#5041 = CARTESIAN_POINT('',(62.,49.,0.));
#5042 = VECTOR('',#5043,1.);
#5043 = DIRECTION('',(0.,0.,1.));
#5044 = ORIENTED_EDGE('',*,*,#4452,.F.);
#5045 = ORIENTED_EDGE('',*,*,#5046,.T.);
#5046 = EDGE_CURVE('',#4453,#5047,#5049,.T.);
#5047 = VERTEX_POINT('',#5048);
#5048 = CARTESIAN_POINT('',(36.,49.,18.8));
#5049 = LINE('',#5050,#5051);
#5050 = CARTESIAN_POINT('',(36.,49.,0.));
#5051 = VECTOR('',#5052,1.);
#5052 = DIRECTION('',(0.,0.,1.));
#5053 = ORIENTED_EDGE('',*,*,#5054,.F.);
#5054 = EDGE_CURVE('',#5055,#5047,#5057,.T.);
#5055 = VERTEX_POINT('',#5056);
#5056 = CARTESIAN_POINT('',(23.,49.,18.8));
#5057 = LINE('',#5058,#5059);
#5058 = CARTESIAN_POINT('',(23.,49.,18.8));
#5059 = VECTOR('',#5060,1.);
#5060 = DIRECTION('',(1.,0.,-0.));
#5061 = ORIENTED_EDGE('',*,*,#5062,.F.);
#5062 = EDGE_CURVE('',#4477,#5055,#5063,.T.);
#5063 = LINE('',#5064,#5065);
#5064 = CARTESIAN_POINT('',(23.,49.,0.));
#5065 = VECTOR('',#5066,1.);
#5066 = DIRECTION('',(0.,0.,1.));
#5067 = PLANE('',#5068);
#5068 = AXIS2_PLACEMENT_3D('',#5069,#5070,#5071);
#5069 = CARTESIAN_POINT('',(0.,49.,0.));
#5070 = DIRECTION('',(-0.,1.,0.));
#5071 = DIRECTION('',(0.,0.,1.));
#5072 = ADVANCED_FACE('',(#5073,#5084),#5087,.F.);
#5073 = FACE_BOUND('',#5074,.F.);
#5074 = EDGE_LOOP('',(#5075,#5076,#5077,#5078));
#5075 = ORIENTED_EDGE('',*,*,#4303,.F.);
#5076 = ORIENTED_EDGE('',*,*,#5019,.F.);
#5077 = ORIENTED_EDGE('',*,*,#4435,.T.);
#5078 = ORIENTED_EDGE('',*,*,#5079,.T.);
#5079 = EDGE_CURVE('',#4436,#4295,#5080,.T.);
#5080 = LINE('',#5081,#5082);
#5081 = CARTESIAN_POINT('',(64.,47.,0.));
#5082 = VECTOR('',#5083,1.);
#5083 = DIRECTION('',(0.,0.,1.));
#5084 = FACE_BOUND('',#5085,.F.);
#5085 = EDGE_LOOP('',(#5086));
#5086 = ORIENTED_EDGE('',*,*,#4735,.F.);
#5087 = PLANE('',#5088);
#5088 = AXIS2_PLACEMENT_3D('',#5089,#5090,#5091);
#5089 = CARTESIAN_POINT('',(64.,0.,0.));
#5090 = DIRECTION('',(1.,0.,-0.));
#5091 = DIRECTION('',(0.,0.,1.));
#5092 = ADVANCED_FACE('',(#5093),#5099,.F.);
#5093 = FACE_BOUND('',#5094,.F.);
#5094 = EDGE_LOOP('',(#5095,#5096,#5097,#5098));
#5095 = ORIENTED_EDGE('',*,*,#5079,.F.);
#5096 = ORIENTED_EDGE('',*,*,#4443,.T.);
#5097 = ORIENTED_EDGE('',*,*,#5039,.T.);
#5098 = ORIENTED_EDGE('',*,*,#4294,.F.);
#5099 = CYLINDRICAL_SURFACE('',#5100,2.);
#5100 = AXIS2_PLACEMENT_3D('',#5101,#5102,#5103);
#5101 = CARTESIAN_POINT('',(62.,47.,0.));
#5102 = DIRECTION('',(0.,0.,1.));
#5103 = DIRECTION('',(1.,0.,-0.));
#5104 = ADVANCED_FACE('',(#5105),#5123,.F.);
#5105 = FACE_BOUND('',#5106,.F.);
#5106 = EDGE_LOOP('',(#5107,#5115,#5116,#5117));
#5107 = ORIENTED_EDGE('',*,*,#5108,.F.);
#5108 = EDGE_CURVE('',#4469,#5109,#5111,.T.);
#5109 = VERTEX_POINT('',#5110);
#5110 = CARTESIAN_POINT('',(23.,47.4,18.8));
#5111 = LINE('',#5112,#5113);
#5112 = CARTESIAN_POINT('',(23.,47.4,0.));
#5113 = VECTOR('',#5114,1.);
#5114 = DIRECTION('',(0.,0.,1.));
#5115 = ORIENTED_EDGE('',*,*,#4476,.T.);
#5116 = ORIENTED_EDGE('',*,*,#5062,.T.);
#5117 = ORIENTED_EDGE('',*,*,#5118,.F.);
#5118 = EDGE_CURVE('',#5109,#5055,#5119,.T.);
#5119 = LINE('',#5120,#5121);
#5120 = CARTESIAN_POINT('',(23.,47.4,18.8));
#5121 = VECTOR('',#5122,1.);
#5122 = DIRECTION('',(-0.,1.,0.));
#5123 = PLANE('',#5124);
#5124 = AXIS2_PLACEMENT_3D('',#5125,#5126,#5127);
#5125 = CARTESIAN_POINT('',(23.,47.4,0.));
#5126 = DIRECTION('',(1.,0.,-0.));
#5127 = DIRECTION('',(0.,0.,1.));
#5128 = ADVANCED_FACE('',(#5129),#5147,.F.);
#5129 = FACE_BOUND('',#5130,.F.);
#5130 = EDGE_LOOP('',(#5131,#5132,#5133,#5141));
#5131 = ORIENTED_EDGE('',*,*,#4468,.F.);
#5132 = ORIENTED_EDGE('',*,*,#5108,.T.);
#5133 = ORIENTED_EDGE('',*,*,#5134,.T.);
#5134 = EDGE_CURVE('',#5109,#5135,#5137,.T.);
#5135 = VERTEX_POINT('',#5136);
#5136 = CARTESIAN_POINT('',(36.,47.4,18.8));
#5137 = LINE('',#5138,#5139);
#5138 = CARTESIAN_POINT('',(23.,47.4,18.8));
#5139 = VECTOR('',#5140,1.);
#5140 = DIRECTION('',(1.,0.,-0.));
#5141 = ORIENTED_EDGE('',*,*,#5142,.F.);
#5142 = EDGE_CURVE('',#4461,#5135,#5143,.T.);
#5143 = LINE('',#5144,#5145);
#5144 = CARTESIAN_POINT('',(36.,47.4,0.));
#5145 = VECTOR('',#5146,1.);
#5146 = DIRECTION('',(0.,0.,1.));
#5147 = PLANE('',#5148);
#5148 = AXIS2_PLACEMENT_3D('',#5149,#5150,#5151);
#5149 = CARTESIAN_POINT('',(23.,47.4,0.));
#5150 = DIRECTION('',(-0.,1.,0.));
#5151 = DIRECTION('',(0.,0.,1.));
#5152 = ADVANCED_FACE('',(#5153),#5164,.T.);
#5153 = FACE_BOUND('',#5154,.T.);
#5154 = EDGE_LOOP('',(#5155,#5156,#5157,#5158));
#5155 = ORIENTED_EDGE('',*,*,#5142,.F.);
#5156 = ORIENTED_EDGE('',*,*,#4460,.T.);
#5157 = ORIENTED_EDGE('',*,*,#5046,.T.);
#5158 = ORIENTED_EDGE('',*,*,#5159,.F.);
#5159 = EDGE_CURVE('',#5135,#5047,#5160,.T.);
#5160 = LINE('',#5161,#5162);
#5161 = CARTESIAN_POINT('',(36.,47.4,18.8));
#5162 = VECTOR('',#5163,1.);
#5163 = DIRECTION('',(-0.,1.,0.));
#5164 = PLANE('',#5165);
#5165 = AXIS2_PLACEMENT_3D('',#5166,#5167,#5168);
#5166 = CARTESIAN_POINT('',(36.,47.4,0.));
#5167 = DIRECTION('',(1.,0.,-0.));
#5168 = DIRECTION('',(0.,0.,1.));
#5169 = ADVANCED_FACE('',(#5170),#5188,.T.);
#5170 = FACE_BOUND('',#5171,.T.);
#5171 = EDGE_LOOP('',(#5172,#5173,#5174,#5182));
#5172 = ORIENTED_EDGE('',*,*,#4955,.F.);
#5173 = ORIENTED_EDGE('',*,*,#4410,.T.);
#5174 = ORIENTED_EDGE('',*,*,#5175,.T.);
#5175 = EDGE_CURVE('',#4403,#5176,#5178,.T.);
#5176 = VERTEX_POINT('',#5177);
#5177 = CARTESIAN_POINT('',(53.5,23.,9.5));
#5178 = LINE('',#5179,#5180);
#5179 = CARTESIAN_POINT('',(53.5,23.,0.));
#5180 = VECTOR('',#5181,1.);
#5181 = DIRECTION('',(0.,0.,1.));
#5182 = ORIENTED_EDGE('',*,*,#5183,.F.);
#5183 = EDGE_CURVE('',#4956,#5176,#5184,.T.);
#5184 = LINE('',#5185,#5186);
#5185 = CARTESIAN_POINT('',(53.5,0.,9.5));
#5186 = VECTOR('',#5187,1.);
#5187 = DIRECTION('',(-0.,1.,0.));
#5188 = PLANE('',#5189);
#5189 = AXIS2_PLACEMENT_3D('',#5190,#5191,#5192);
#5190 = CARTESIAN_POINT('',(53.5,0.,0.));
#5191 = DIRECTION('',(1.,0.,-0.));
#5192 = DIRECTION('',(0.,0.,1.));
#5193 = ADVANCED_FACE('',(#5194),#5244,.T.);
#5194 = FACE_BOUND('',#5195,.T.);
#5195 = EDGE_LOOP('',(#5196,#5197,#5198,#5206,#5214,#5222,#5230,#5238));
#5196 = ORIENTED_EDGE('',*,*,#5175,.F.);
#5197 = ORIENTED_EDGE('',*,*,#4402,.F.);
#5198 = ORIENTED_EDGE('',*,*,#5199,.T.);
#5199 = EDGE_CURVE('',#4395,#5200,#5202,.T.);
#5200 = VERTEX_POINT('',#5201);
#5201 = CARTESIAN_POINT('',(2.5,23.,9.5));
#5202 = LINE('',#5203,#5204);
#5203 = CARTESIAN_POINT('',(2.5,23.,0.));
#5204 = VECTOR('',#5205,1.);
#5205 = DIRECTION('',(0.,0.,1.));
#5206 = ORIENTED_EDGE('',*,*,#5207,.T.);
#5207 = EDGE_CURVE('',#5200,#5208,#5210,.T.);
#5208 = VERTEX_POINT('',#5209);
#5209 = CARTESIAN_POINT('',(5.,23.,9.5));
#5210 = LINE('',#5211,#5212);
#5211 = CARTESIAN_POINT('',(2.5,23.,9.5));
#5212 = VECTOR('',#5213,1.);
#5213 = DIRECTION('',(1.,0.,-0.));
#5214 = ORIENTED_EDGE('',*,*,#5215,.T.);
#5215 = EDGE_CURVE('',#5208,#5216,#5218,.T.);
#5216 = VERTEX_POINT('',#5217);
#5217 = CARTESIAN_POINT('',(5.,23.,7.5));
#5218 = LINE('',#5219,#5220);
#5219 = CARTESIAN_POINT('',(5.,23.,3.75));
#5220 = VECTOR('',#5221,1.);
#5221 = DIRECTION('',(-0.,0.,-1.));
#5222 = ORIENTED_EDGE('',*,*,#5223,.T.);
#5223 = EDGE_CURVE('',#5216,#5224,#5226,.T.);
#5224 = VERTEX_POINT('',#5225);
#5225 = CARTESIAN_POINT('',(12.,23.,7.5));
#5226 = LINE('',#5227,#5228);
#5227 = CARTESIAN_POINT('',(3.75,23.,7.5));
#5228 = VECTOR('',#5229,1.);
#5229 = DIRECTION('',(1.,0.,-0.));
#5230 = ORIENTED_EDGE('',*,*,#5231,.F.);
#5231 = EDGE_CURVE('',#5232,#5224,#5234,.T.);
#5232 = VERTEX_POINT('',#5233);
#5233 = CARTESIAN_POINT('',(12.,23.,9.5));
#5234 = LINE('',#5235,#5236);
#5235 = CARTESIAN_POINT('',(12.,23.,3.75));
#5236 = VECTOR('',#5237,1.);
#5237 = DIRECTION('',(-0.,0.,-1.));
#5238 = ORIENTED_EDGE('',*,*,#5239,.T.);
#5239 = EDGE_CURVE('',#5232,#5176,#5240,.T.);
#5240 = LINE('',#5241,#5242);
#5241 = CARTESIAN_POINT('',(2.5,23.,9.5));
#5242 = VECTOR('',#5243,1.);
#5243 = DIRECTION('',(1.,0.,-0.));
#5244 = PLANE('',#5245);
#5245 = AXIS2_PLACEMENT_3D('',#5246,#5247,#5248);
#5246 = CARTESIAN_POINT('',(2.5,23.,0.));
#5247 = DIRECTION('',(-0.,1.,0.));
#5248 = DIRECTION('',(0.,0.,1.));
#5249 = ADVANCED_FACE('',(#5250),#5261,.F.);
#5250 = FACE_BOUND('',#5251,.F.);
#5251 = EDGE_LOOP('',(#5252,#5253,#5254,#5255));
#5252 = ORIENTED_EDGE('',*,*,#4971,.F.);
#5253 = ORIENTED_EDGE('',*,*,#4394,.T.);
#5254 = ORIENTED_EDGE('',*,*,#5199,.T.);
#5255 = ORIENTED_EDGE('',*,*,#5256,.F.);
#5256 = EDGE_CURVE('',#4964,#5200,#5257,.T.);
#5257 = LINE('',#5258,#5259);
#5258 = CARTESIAN_POINT('',(2.5,0.,9.5));
#5259 = VECTOR('',#5260,1.);
#5260 = DIRECTION('',(-0.,1.,0.));
#5261 = PLANE('',#5262);
#5262 = AXIS2_PLACEMENT_3D('',#5263,#5264,#5265);
#5263 = CARTESIAN_POINT('',(2.5,0.,0.));
#5264 = DIRECTION('',(1.,0.,-0.));
#5265 = DIRECTION('',(0.,0.,1.));
#5266 = ADVANCED_FACE('',(#5267),#5286,.T.);
#5267 = FACE_BOUND('',#5268,.T.);
#5268 = EDGE_LOOP('',(#5269,#5278,#5284,#5285));
#5269 = ORIENTED_EDGE('',*,*,#5270,.F.);
#5270 = EDGE_CURVE('',#5271,#5271,#5273,.T.);
#5271 = VERTEX_POINT('',#5272);
#5272 = CARTESIAN_POINT('',(41.3,31.5,15.7));
#5273 = CIRCLE('',#5274,1.3);
#5274 = AXIS2_PLACEMENT_3D('',#5275,#5276,#5277);
#5275 = CARTESIAN_POINT('',(40.,31.5,15.7));
#5276 = DIRECTION('',(0.,0.,1.));
#5277 = DIRECTION('',(1.,0.,-0.));
#5278 = ORIENTED_EDGE('',*,*,#5279,.F.);
#5279 = EDGE_CURVE('',#4494,#5271,#5280,.T.);
#5280 = LINE('',#5281,#5282);
#5281 = CARTESIAN_POINT('',(41.3,31.5,0.));
#5282 = VECTOR('',#5283,1.);
#5283 = DIRECTION('',(0.,0.,1.));
#5284 = ORIENTED_EDGE('',*,*,#4493,.T.);
#5285 = ORIENTED_EDGE('',*,*,#5279,.T.);
#5286 = CYLINDRICAL_SURFACE('',#5287,1.3);
#5287 = AXIS2_PLACEMENT_3D('',#5288,#5289,#5290);
#5288 = CARTESIAN_POINT('',(40.,31.5,0.));
#5289 = DIRECTION('',(0.,0.,1.));
#5290 = DIRECTION('',(1.,0.,-0.));
#5291 = ADVANCED_FACE('',(#5292),#5318,.T.);
#5292 = FACE_BOUND('',#5293,.T.);
#5293 = EDGE_LOOP('',(#5294,#5305,#5311,#5312));
#5294 = ORIENTED_EDGE('',*,*,#5295,.F.);
#5295 = EDGE_CURVE('',#5296,#5298,#5300,.T.);
#5296 = VERTEX_POINT('',#5297);
#5297 = CARTESIAN_POINT('',(54.4,27.5,15.7));
#5298 = VERTEX_POINT('',#5299);
#5299 = CARTESIAN_POINT('',(54.4,26.5,15.7));
#5300 = CIRCLE('',#5301,1.3);
#5301 = AXIS2_PLACEMENT_3D('',#5302,#5303,#5304);
#5302 = CARTESIAN_POINT('',(53.2,27.,15.7));
#5303 = DIRECTION('',(0.,0.,1.));
#5304 = DIRECTION('',(1.,0.,-0.));
#5305 = ORIENTED_EDGE('',*,*,#5306,.F.);
#5306 = EDGE_CURVE('',#4505,#5296,#5307,.T.);
#5307 = LINE('',#5308,#5309);
#5308 = CARTESIAN_POINT('',(54.4,27.5,0.));
#5309 = VECTOR('',#5310,1.);
#5310 = DIRECTION('',(0.,0.,1.));
#5311 = ORIENTED_EDGE('',*,*,#4504,.T.);
#5312 = ORIENTED_EDGE('',*,*,#5313,.T.);
#5313 = EDGE_CURVE('',#4507,#5298,#5314,.T.);
#5314 = LINE('',#5315,#5316);
#5315 = CARTESIAN_POINT('',(54.4,26.5,0.));
#5316 = VECTOR('',#5317,1.);
#5317 = DIRECTION('',(0.,0.,1.));
#5318 = CYLINDRICAL_SURFACE('',#5319,1.3);
#5319 = AXIS2_PLACEMENT_3D('',#5320,#5321,#5322);
#5320 = CARTESIAN_POINT('',(53.2,27.,0.));
#5321 = DIRECTION('',(0.,0.,1.));
#5322 = DIRECTION('',(1.,0.,-0.));
#5323 = ADVANCED_FACE('',(#5324),#5358,.F.);
#5324 = FACE_BOUND('',#5325,.F.);
#5325 = EDGE_LOOP('',(#5326,#5334,#5335,#5336,#5342,#5343,#5344,#5352));
#5326 = ORIENTED_EDGE('',*,*,#5327,.F.);
#5327 = EDGE_CURVE('',#4540,#5328,#5330,.T.);
#5328 = VERTEX_POINT('',#5329);
#5329 = CARTESIAN_POINT('',(54.4,26.,18.8));
#5330 = LINE('',#5331,#5332);
#5331 = CARTESIAN_POINT('',(54.4,26.,0.));
#5332 = VECTOR('',#5333,1.);
#5333 = DIRECTION('',(0.,0.,1.));
#5334 = ORIENTED_EDGE('',*,*,#4547,.T.);
#5335 = ORIENTED_EDGE('',*,*,#5313,.T.);
#5336 = ORIENTED_EDGE('',*,*,#5337,.T.);
#5337 = EDGE_CURVE('',#5298,#5296,#5338,.T.);
#5338 = LINE('',#5339,#5340);
#5339 = CARTESIAN_POINT('',(54.4,26.5,15.7));
#5340 = VECTOR('',#5341,1.);
#5341 = DIRECTION('',(-0.,1.,0.));
#5342 = ORIENTED_EDGE('',*,*,#5306,.F.);
#5343 = ORIENTED_EDGE('',*,*,#4515,.T.);
#5344 = ORIENTED_EDGE('',*,*,#5345,.T.);
#5345 = EDGE_CURVE('',#4516,#5346,#5348,.T.);
#5346 = VERTEX_POINT('',#5347);
#5347 = CARTESIAN_POINT('',(54.4,36.,18.8));
#5348 = LINE('',#5349,#5350);
#5349 = CARTESIAN_POINT('',(54.4,36.,0.));
#5350 = VECTOR('',#5351,1.);
#5351 = DIRECTION('',(0.,0.,1.));
#5352 = ORIENTED_EDGE('',*,*,#5353,.F.);
#5353 = EDGE_CURVE('',#5328,#5346,#5354,.T.);
#5354 = LINE('',#5355,#5356);
#5355 = CARTESIAN_POINT('',(54.4,26.,18.8));
#5356 = VECTOR('',#5357,1.);
#5357 = DIRECTION('',(-0.,1.,0.));
#5358 = PLANE('',#5359);
#5359 = AXIS2_PLACEMENT_3D('',#5360,#5361,#5362);
#5360 = CARTESIAN_POINT('',(54.4,26.,0.));
#5361 = DIRECTION('',(1.,0.,-0.));
#5362 = DIRECTION('',(0.,0.,1.));
#5363 = ADVANCED_FACE('',(#5364),#5382,.T.);
#5364 = FACE_BOUND('',#5365,.T.);
#5365 = EDGE_LOOP('',(#5366,#5367,#5368,#5376));
#5366 = ORIENTED_EDGE('',*,*,#4523,.F.);
#5367 = ORIENTED_EDGE('',*,*,#5345,.T.);
#5368 = ORIENTED_EDGE('',*,*,#5369,.T.);
#5369 = EDGE_CURVE('',#5346,#5370,#5372,.T.);
#5370 = VERTEX_POINT('',#5371);
#5371 = CARTESIAN_POINT('',(56.,36.,18.8));
#5372 = LINE('',#5373,#5374);
#5373 = CARTESIAN_POINT('',(54.4,36.,18.8));
#5374 = VECTOR('',#5375,1.);
#5375 = DIRECTION('',(1.,0.,-0.));
#5376 = ORIENTED_EDGE('',*,*,#5377,.F.);
#5377 = EDGE_CURVE('',#4524,#5370,#5378,.T.);
#5378 = LINE('',#5379,#5380);
#5379 = CARTESIAN_POINT('',(56.,36.,0.));
#5380 = VECTOR('',#5381,1.);
#5381 = DIRECTION('',(0.,0.,1.));
#5382 = PLANE('',#5383);
#5383 = AXIS2_PLACEMENT_3D('',#5384,#5385,#5386);
#5384 = CARTESIAN_POINT('',(54.4,36.,0.));
#5385 = DIRECTION('',(-0.,1.,0.));
#5386 = DIRECTION('',(0.,0.,1.));
#5387 = ADVANCED_FACE('',(#5388),#5406,.F.);
#5388 = FACE_BOUND('',#5389,.F.);
#5389 = EDGE_LOOP('',(#5390,#5391,#5392,#5400));
#5390 = ORIENTED_EDGE('',*,*,#4539,.F.);
#5391 = ORIENTED_EDGE('',*,*,#5327,.T.);
#5392 = ORIENTED_EDGE('',*,*,#5393,.T.);
#5393 = EDGE_CURVE('',#5328,#5394,#5396,.T.);
#5394 = VERTEX_POINT('',#5395);
#5395 = CARTESIAN_POINT('',(56.,26.,18.8));
#5396 = LINE('',#5397,#5398);
#5397 = CARTESIAN_POINT('',(54.4,26.,18.8));
#5398 = VECTOR('',#5399,1.);
#5399 = DIRECTION('',(1.,0.,-0.));
#5400 = ORIENTED_EDGE('',*,*,#5401,.F.);
#5401 = EDGE_CURVE('',#4532,#5394,#5402,.T.);
#5402 = LINE('',#5403,#5404);
#5403 = CARTESIAN_POINT('',(56.,26.,0.));
#5404 = VECTOR('',#5405,1.);
#5405 = DIRECTION('',(0.,0.,1.));
#5406 = PLANE('',#5407);
#5407 = AXIS2_PLACEMENT_3D('',#5408,#5409,#5410);
#5408 = CARTESIAN_POINT('',(54.4,26.,0.));
#5409 = DIRECTION('',(-0.,1.,0.));
#5410 = DIRECTION('',(0.,0.,1.));
#5411 = ADVANCED_FACE('',(#5412),#5423,.T.);
#5412 = FACE_BOUND('',#5413,.T.);
#5413 = EDGE_LOOP('',(#5414,#5415,#5416,#5417));
#5414 = ORIENTED_EDGE('',*,*,#5401,.F.);
#5415 = ORIENTED_EDGE('',*,*,#4531,.T.);
#5416 = ORIENTED_EDGE('',*,*,#5377,.T.);
#5417 = ORIENTED_EDGE('',*,*,#5418,.F.);
#5418 = EDGE_CURVE('',#5394,#5370,#5419,.T.);
#5419 = LINE('',#5420,#5421);
#5420 = CARTESIAN_POINT('',(56.,26.,18.8));
#5421 = VECTOR('',#5422,1.);
#5422 = DIRECTION('',(-0.,1.,0.));
#5423 = PLANE('',#5424);
#5424 = AXIS2_PLACEMENT_3D('',#5425,#5426,#5427);
#5425 = CARTESIAN_POINT('',(56.,26.,0.));
#5426 = DIRECTION('',(1.,0.,-0.));
#5427 = DIRECTION('',(0.,0.,1.));
#5428 = ADVANCED_FACE('',(#5429),#5448,.T.);
#5429 = FACE_BOUND('',#5430,.T.);
#5430 = EDGE_LOOP('',(#5431,#5440,#5446,#5447));
#5431 = ORIENTED_EDGE('',*,*,#5432,.F.);
#5432 = EDGE_CURVE('',#5433,#5433,#5435,.T.);
#5433 = VERTEX_POINT('',#5434);
#5434 = CARTESIAN_POINT('',(20.3,39.,15.7));
#5435 = CIRCLE('',#5436,1.3);
#5436 = AXIS2_PLACEMENT_3D('',#5437,#5438,#5439);
#5437 = CARTESIAN_POINT('',(19.,39.,15.7));
#5438 = DIRECTION('',(0.,0.,1.));
#5439 = DIRECTION('',(1.,0.,-0.));
#5440 = ORIENTED_EDGE('',*,*,#5441,.F.);
#5441 = EDGE_CURVE('',#4556,#5433,#5442,.T.);
#5442 = LINE('',#5443,#5444);
#5443 = CARTESIAN_POINT('',(20.3,39.,0.));
#5444 = VECTOR('',#5445,1.);
#5445 = DIRECTION('',(0.,0.,1.));
#5446 = ORIENTED_EDGE('',*,*,#4555,.T.);
#5447 = ORIENTED_EDGE('',*,*,#5441,.T.);
#5448 = CYLINDRICAL_SURFACE('',#5449,1.3);
#5449 = AXIS2_PLACEMENT_3D('',#5450,#5451,#5452);
#5450 = CARTESIAN_POINT('',(19.,39.,0.));
#5451 = DIRECTION('',(0.,0.,1.));
#5452 = DIRECTION('',(1.,0.,-0.));
#5453 = ADVANCED_FACE('',(#5454),#5473,.T.);
#5454 = FACE_BOUND('',#5455,.T.);
#5455 = EDGE_LOOP('',(#5456,#5465,#5471,#5472));
#5456 = ORIENTED_EDGE('',*,*,#5457,.F.);
#5457 = EDGE_CURVE('',#5458,#5458,#5460,.T.);
#5458 = VERTEX_POINT('',#5459);
#5459 = CARTESIAN_POINT('',(10.3,42.,15.7));
#5460 = CIRCLE('',#5461,1.3);
#5461 = AXIS2_PLACEMENT_3D('',#5462,#5463,#5464);
#5462 = CARTESIAN_POINT('',(9.,42.,15.7));
#5463 = DIRECTION('',(0.,0.,1.));
#5464 = DIRECTION('',(1.,0.,-0.));
#5465 = ORIENTED_EDGE('',*,*,#5466,.F.);
#5466 = EDGE_CURVE('',#4567,#5458,#5467,.T.);
#5467 = LINE('',#5468,#5469);
#5468 = CARTESIAN_POINT('',(10.3,42.,0.));
#5469 = VECTOR('',#5470,1.);
#5470 = DIRECTION('',(0.,0.,1.));
#5471 = ORIENTED_EDGE('',*,*,#4566,.T.);
#5472 = ORIENTED_EDGE('',*,*,#5466,.T.);
#5473 = CYLINDRICAL_SURFACE('',#5474,1.3);
#5474 = AXIS2_PLACEMENT_3D('',#5475,#5476,#5477);
#5475 = CARTESIAN_POINT('',(9.,42.,0.));
#5476 = DIRECTION('',(0.,0.,1.));
#5477 = DIRECTION('',(1.,0.,-0.));
#5478 = ADVANCED_FACE('',(#5479),#5498,.T.);
#5479 = FACE_BOUND('',#5480,.T.);
#5480 = EDGE_LOOP('',(#5481,#5490,#5496,#5497));
#5481 = ORIENTED_EDGE('',*,*,#5482,.F.);
#5482 = EDGE_CURVE('',#5483,#5483,#5485,.T.);
#5483 = VERTEX_POINT('',#5484);
#5484 = CARTESIAN_POINT('',(32.25,40.15,15.7));
#5485 = CIRCLE('',#5486,2.75);
#5486 = AXIS2_PLACEMENT_3D('',#5487,#5488,#5489);
#5487 = CARTESIAN_POINT('',(29.5,40.15,15.7));
#5488 = DIRECTION('',(0.,0.,1.));
#5489 = DIRECTION('',(1.,0.,-0.));
#5490 = ORIENTED_EDGE('',*,*,#5491,.F.);
#5491 = EDGE_CURVE('',#4578,#5483,#5492,.T.);
#5492 = LINE('',#5493,#5494);
#5493 = CARTESIAN_POINT('',(32.25,40.15,0.));
#5494 = VECTOR('',#5495,1.);
#5495 = DIRECTION('',(0.,0.,1.));
#5496 = ORIENTED_EDGE('',*,*,#4577,.T.);
#5497 = ORIENTED_EDGE('',*,*,#5491,.T.);
#5498 = CYLINDRICAL_SURFACE('',#5499,2.75);
#5499 = AXIS2_PLACEMENT_3D('',#5500,#5501,#5502);
#5500 = CARTESIAN_POINT('',(29.5,40.15,0.));
#5501 = DIRECTION('',(0.,0.,1.));
#5502 = DIRECTION('',(1.,0.,-0.));
#5503 = ADVANCED_FACE('',(#5504),#5523,.T.);
#5504 = FACE_BOUND('',#5505,.T.);
#5505 = EDGE_LOOP('',(#5506,#5515,#5521,#5522));
#5506 = ORIENTED_EDGE('',*,*,#5507,.F.);
#5507 = EDGE_CURVE('',#5508,#5508,#5510,.T.);
#5508 = VERTEX_POINT('',#5509);
#5509 = CARTESIAN_POINT('',(54.1,39.2,15.7));
#5510 = CIRCLE('',#5511,1.3);
#5511 = AXIS2_PLACEMENT_3D('',#5512,#5513,#5514);
#5512 = CARTESIAN_POINT('',(52.8,39.2,15.7));
#5513 = DIRECTION('',(0.,0.,1.));
#5514 = DIRECTION('',(1.,0.,-0.));
#5515 = ORIENTED_EDGE('',*,*,#5516,.F.);
#5516 = EDGE_CURVE('',#4589,#5508,#5517,.T.);
#5517 = LINE('',#5518,#5519);
#5518 = CARTESIAN_POINT('',(54.1,39.2,0.));
#5519 = VECTOR('',#5520,1.);
#5520 = DIRECTION('',(0.,0.,1.));
#5521 = ORIENTED_EDGE('',*,*,#4588,.T.);
#5522 = ORIENTED_EDGE('',*,*,#5516,.T.);
#5523 = CYLINDRICAL_SURFACE('',#5524,1.3);
#5524 = AXIS2_PLACEMENT_3D('',#5525,#5526,#5527);
#5525 = CARTESIAN_POINT('',(52.8,39.2,0.));
#5526 = DIRECTION('',(0.,0.,1.));
#5527 = DIRECTION('',(1.,0.,-0.));
#5528 = ADVANCED_FACE('',(#5529),#5535,.T.);
#5529 = FACE_BOUND('',#5530,.T.);
#5530 = EDGE_LOOP('',(#5531,#5532,#5533,#5534));
#5531 = ORIENTED_EDGE('',*,*,#4646,.F.);
#5532 = ORIENTED_EDGE('',*,*,#4614,.T.);
#5533 = ORIENTED_EDGE('',*,*,#4670,.T.);
#5534 = ORIENTED_EDGE('',*,*,#4686,.F.);
#5535 = PLANE('',#5536);
#5536 = AXIS2_PLACEMENT_3D('',#5537,#5538,#5539);
#5537 = CARTESIAN_POINT('',(5.6,26.,17.6));
#5538 = DIRECTION('',(1.,0.,-0.));
#5539 = DIRECTION('',(0.,0.,1.));
#5540 = ADVANCED_FACE('',(#5541),#5544,.F.);
#5541 = FACE_BOUND('',#5542,.F.);
#5542 = EDGE_LOOP('',(#5543));
#5543 = ORIENTED_EDGE('',*,*,#4701,.T.);
#5544 = PLANE('',#5545);
#5545 = AXIS2_PLACEMENT_3D('',#5546,#5547,#5548);
#5546 = CARTESIAN_POINT('',(-4.6,-4.6,-9.));
#5547 = DIRECTION('',(1.,0.,-0.));
#5548 = DIRECTION('',(0.,0.,1.));
#5549 = ADVANCED_FACE('',(#5550),#5611,.T.);
#5550 = FACE_BOUND('',#5551,.T.);
#5551 = EDGE_LOOP('',(#5552,#5553,#5554,#5555,#5556,#5557,#5565,#5573,
    #5581,#5589,#5597,#5605));
#5552 = ORIENTED_EDGE('',*,*,#5207,.F.);
#5553 = ORIENTED_EDGE('',*,*,#5256,.F.);
#5554 = ORIENTED_EDGE('',*,*,#4963,.T.);
#5555 = ORIENTED_EDGE('',*,*,#5183,.T.);
#5556 = ORIENTED_EDGE('',*,*,#5239,.F.);
#5557 = ORIENTED_EDGE('',*,*,#5558,.F.);
#5558 = EDGE_CURVE('',#5559,#5232,#5561,.T.);
#5559 = VERTEX_POINT('',#5560);
#5560 = CARTESIAN_POINT('',(12.,21.5,9.5));
#5561 = LINE('',#5562,#5563);
#5562 = CARTESIAN_POINT('',(12.,10.7,9.5));
#5563 = VECTOR('',#5564,1.);
#5564 = DIRECTION('',(-0.,1.,0.));
#5565 = ORIENTED_EDGE('',*,*,#5566,.F.);
#5566 = EDGE_CURVE('',#5567,#5559,#5569,.T.);
#5567 = VERTEX_POINT('',#5568);
#5568 = CARTESIAN_POINT('',(52.,21.5,9.5));
#5569 = LINE('',#5570,#5571);
#5570 = CARTESIAN_POINT('',(3.25,21.5,9.5));
#5571 = VECTOR('',#5572,1.);
#5572 = DIRECTION('',(-1.,-0.,0.));
#5573 = ORIENTED_EDGE('',*,*,#5574,.F.);
#5574 = EDGE_CURVE('',#5575,#5567,#5577,.T.);
#5575 = VERTEX_POINT('',#5576);
#5576 = CARTESIAN_POINT('',(52.,0.5,9.5));
#5577 = LINE('',#5578,#5579);
#5578 = CARTESIAN_POINT('',(52.,0.25,9.5));
#5579 = VECTOR('',#5580,1.);
#5580 = DIRECTION('',(-0.,1.,0.));
#5581 = ORIENTED_EDGE('',*,*,#5582,.T.);
#5582 = EDGE_CURVE('',#5575,#5583,#5585,.T.);
#5583 = VERTEX_POINT('',#5584);
#5584 = CARTESIAN_POINT('',(4.,0.5,9.5));
#5585 = LINE('',#5586,#5587);
#5586 = CARTESIAN_POINT('',(3.25,0.5,9.5));
#5587 = VECTOR('',#5588,1.);
#5588 = DIRECTION('',(-1.,-0.,0.));
#5589 = ORIENTED_EDGE('',*,*,#5590,.T.);
#5590 = EDGE_CURVE('',#5583,#5591,#5593,.T.);
#5591 = VERTEX_POINT('',#5592);
#5592 = CARTESIAN_POINT('',(4.,21.5,9.5));
#5593 = LINE('',#5594,#5595);
#5594 = CARTESIAN_POINT('',(4.,0.25,9.5));
#5595 = VECTOR('',#5596,1.);
#5596 = DIRECTION('',(-0.,1.,0.));
#5597 = ORIENTED_EDGE('',*,*,#5598,.F.);
#5598 = EDGE_CURVE('',#5599,#5591,#5601,.T.);
#5599 = VERTEX_POINT('',#5600);
#5600 = CARTESIAN_POINT('',(5.,21.5,9.5));
#5601 = LINE('',#5602,#5603);
#5602 = CARTESIAN_POINT('',(3.25,21.5,9.5));
#5603 = VECTOR('',#5604,1.);
#5604 = DIRECTION('',(-1.,-0.,0.));
#5605 = ORIENTED_EDGE('',*,*,#5606,.T.);
#5606 = EDGE_CURVE('',#5599,#5208,#5607,.T.);
#5607 = LINE('',#5608,#5609);
#5608 = CARTESIAN_POINT('',(5.,10.7,9.5));
#5609 = VECTOR('',#5610,1.);
#5610 = DIRECTION('',(-0.,1.,0.));
#5611 = PLANE('',#5612);
#5612 = AXIS2_PLACEMENT_3D('',#5613,#5614,#5615);
#5613 = CARTESIAN_POINT('',(2.5,0.,9.5));
#5614 = DIRECTION('',(0.,0.,1.));
#5615 = DIRECTION('',(1.,0.,-0.));
#5616 = ADVANCED_FACE('',(#5617),#5642,.F.);
#5617 = FACE_BOUND('',#5618,.F.);
#5618 = EDGE_LOOP('',(#5619,#5620,#5628,#5636));
#5619 = ORIENTED_EDGE('',*,*,#4979,.F.);
#5620 = ORIENTED_EDGE('',*,*,#5621,.T.);
#5621 = EDGE_CURVE('',#4980,#5622,#5624,.T.);
#5622 = VERTEX_POINT('',#5623);
#5623 = CARTESIAN_POINT('',(20.,1.1,11.4));
#5624 = LINE('',#5625,#5626);
#5625 = CARTESIAN_POINT('',(20.,0.,11.4));
#5626 = VECTOR('',#5627,1.);
#5627 = DIRECTION('',(-0.,1.,0.));
#5628 = ORIENTED_EDGE('',*,*,#5629,.T.);
#5629 = EDGE_CURVE('',#5622,#5630,#5632,.T.);
#5630 = VERTEX_POINT('',#5631);
#5631 = CARTESIAN_POINT('',(20.,1.1,18.8));
#5632 = LINE('',#5633,#5634);
#5633 = CARTESIAN_POINT('',(20.,1.1,11.4));
#5634 = VECTOR('',#5635,1.);
#5635 = DIRECTION('',(0.,0.,1.));
#5636 = ORIENTED_EDGE('',*,*,#5637,.F.);
#5637 = EDGE_CURVE('',#4982,#5630,#5638,.T.);
#5638 = LINE('',#5639,#5640);
#5639 = CARTESIAN_POINT('',(20.,0.,18.8));
#5640 = VECTOR('',#5641,1.);
#5641 = DIRECTION('',(-0.,1.,0.));
#5642 = PLANE('',#5643);
#5643 = AXIS2_PLACEMENT_3D('',#5644,#5645,#5646);
#5644 = CARTESIAN_POINT('',(20.,0.,11.4));
#5645 = DIRECTION('',(1.,0.,-0.));
#5646 = DIRECTION('',(0.,0.,1.));
#5647 = ADVANCED_FACE('',(#5648),#5730,.T.);
#5648 = FACE_BOUND('',#5649,.T.);
#5649 = EDGE_LOOP('',(#5650,#5651,#5652,#5660,#5668,#5676,#5684,#5692,
    #5700,#5708,#5716,#5724));
#5650 = ORIENTED_EDGE('',*,*,#5637,.F.);
#5651 = ORIENTED_EDGE('',*,*,#5005,.T.);
#5652 = ORIENTED_EDGE('',*,*,#5653,.T.);
#5653 = EDGE_CURVE('',#4998,#5654,#5656,.T.);
#5654 = VERTEX_POINT('',#5655);
#5655 = CARTESIAN_POINT('',(39.,1.1,18.8));
#5656 = LINE('',#5657,#5658);
#5657 = CARTESIAN_POINT('',(39.,0.,18.8));
#5658 = VECTOR('',#5659,1.);
#5659 = DIRECTION('',(-0.,1.,0.));
#5660 = ORIENTED_EDGE('',*,*,#5661,.F.);
#5661 = EDGE_CURVE('',#5662,#5654,#5664,.T.);
#5662 = VERTEX_POINT('',#5663);
#5663 = CARTESIAN_POINT('',(38.,1.1,18.8));
#5664 = LINE('',#5665,#5666);
#5665 = CARTESIAN_POINT('',(20.,1.1,18.8));
#5666 = VECTOR('',#5667,1.);
#5667 = DIRECTION('',(1.,0.,-0.));
#5668 = ORIENTED_EDGE('',*,*,#5669,.T.);
#5669 = EDGE_CURVE('',#5662,#5670,#5672,.T.);
#5670 = VERTEX_POINT('',#5671);
#5671 = CARTESIAN_POINT('',(38.,2.3,18.8));
#5672 = LINE('',#5673,#5674);
#5673 = CARTESIAN_POINT('',(38.,0.,18.8));
#5674 = VECTOR('',#5675,1.);
#5675 = DIRECTION('',(-0.,1.,0.));
#5676 = ORIENTED_EDGE('',*,*,#5677,.F.);
#5677 = EDGE_CURVE('',#5678,#5670,#5680,.T.);
#5678 = VERTEX_POINT('',#5679);
#5679 = CARTESIAN_POINT('',(34.,2.3,18.8));
#5680 = LINE('',#5681,#5682);
#5681 = CARTESIAN_POINT('',(34.,2.3,18.8));
#5682 = VECTOR('',#5683,1.);
#5683 = DIRECTION('',(1.,0.,-0.));
#5684 = ORIENTED_EDGE('',*,*,#5685,.F.);
#5685 = EDGE_CURVE('',#5686,#5678,#5688,.T.);
#5686 = VERTEX_POINT('',#5687);
#5687 = CARTESIAN_POINT('',(34.,1.1,18.8));
#5688 = LINE('',#5689,#5690);
#5689 = CARTESIAN_POINT('',(34.,0.,18.8));
#5690 = VECTOR('',#5691,1.);
#5691 = DIRECTION('',(-0.,1.,0.));
#5692 = ORIENTED_EDGE('',*,*,#5693,.F.);
#5693 = EDGE_CURVE('',#5694,#5686,#5696,.T.);
#5694 = VERTEX_POINT('',#5695);
#5695 = CARTESIAN_POINT('',(25.,1.1,18.8));
#5696 = LINE('',#5697,#5698);
#5697 = CARTESIAN_POINT('',(20.,1.1,18.8));
#5698 = VECTOR('',#5699,1.);
#5699 = DIRECTION('',(1.,0.,-0.));
#5700 = ORIENTED_EDGE('',*,*,#5701,.T.);
#5701 = EDGE_CURVE('',#5694,#5702,#5704,.T.);
#5702 = VERTEX_POINT('',#5703);
#5703 = CARTESIAN_POINT('',(25.,2.3,18.8));
#5704 = LINE('',#5705,#5706);
#5705 = CARTESIAN_POINT('',(25.,0.,18.8));
#5706 = VECTOR('',#5707,1.);
#5707 = DIRECTION('',(-0.,1.,0.));
#5708 = ORIENTED_EDGE('',*,*,#5709,.F.);
#5709 = EDGE_CURVE('',#5710,#5702,#5712,.T.);
#5710 = VERTEX_POINT('',#5711);
#5711 = CARTESIAN_POINT('',(21.,2.3,18.8));
#5712 = LINE('',#5713,#5714);
#5713 = CARTESIAN_POINT('',(21.,2.3,18.8));
#5714 = VECTOR('',#5715,1.);
#5715 = DIRECTION('',(1.,0.,-0.));
#5716 = ORIENTED_EDGE('',*,*,#5717,.F.);
#5717 = EDGE_CURVE('',#5718,#5710,#5720,.T.);
#5718 = VERTEX_POINT('',#5719);
#5719 = CARTESIAN_POINT('',(21.,1.1,18.8));
#5720 = LINE('',#5721,#5722);
#5721 = CARTESIAN_POINT('',(21.,0.,18.8));
#5722 = VECTOR('',#5723,1.);
#5723 = DIRECTION('',(-0.,1.,0.));
#5724 = ORIENTED_EDGE('',*,*,#5725,.F.);
#5725 = EDGE_CURVE('',#5630,#5718,#5726,.T.);
#5726 = LINE('',#5727,#5728);
#5727 = CARTESIAN_POINT('',(20.,1.1,18.8));
#5728 = VECTOR('',#5729,1.);
#5729 = DIRECTION('',(1.,0.,-0.));
#5730 = PLANE('',#5731);
#5731 = AXIS2_PLACEMENT_3D('',#5732,#5733,#5734);
#5732 = CARTESIAN_POINT('',(29.5,0.886,18.8));
#5733 = DIRECTION('',(0.,0.,1.));
#5734 = DIRECTION('',(1.,0.,-0.));
#5735 = ADVANCED_FACE('',(#5736),#5754,.T.);
#5736 = FACE_BOUND('',#5737,.T.);
#5737 = EDGE_LOOP('',(#5738,#5739,#5747,#5753));
#5738 = ORIENTED_EDGE('',*,*,#4997,.F.);
#5739 = ORIENTED_EDGE('',*,*,#5740,.T.);
#5740 = EDGE_CURVE('',#4990,#5741,#5743,.T.);
#5741 = VERTEX_POINT('',#5742);
#5742 = CARTESIAN_POINT('',(39.,1.1,11.4));
#5743 = LINE('',#5744,#5745);
#5744 = CARTESIAN_POINT('',(39.,0.,11.4));
#5745 = VECTOR('',#5746,1.);
#5746 = DIRECTION('',(-0.,1.,0.));
#5747 = ORIENTED_EDGE('',*,*,#5748,.T.);
#5748 = EDGE_CURVE('',#5741,#5654,#5749,.T.);
#5749 = LINE('',#5750,#5751);
#5750 = CARTESIAN_POINT('',(39.,1.1,11.4));
#5751 = VECTOR('',#5752,1.);
#5752 = DIRECTION('',(0.,0.,1.));
#5753 = ORIENTED_EDGE('',*,*,#5653,.F.);
#5754 = PLANE('',#5755);
#5755 = AXIS2_PLACEMENT_3D('',#5756,#5757,#5758);
#5756 = CARTESIAN_POINT('',(39.,0.,11.4));
#5757 = DIRECTION('',(1.,0.,-0.));
#5758 = DIRECTION('',(0.,0.,1.));
#5759 = ADVANCED_FACE('',(#5760),#5771,.F.);
#5760 = FACE_BOUND('',#5761,.F.);
#5761 = EDGE_LOOP('',(#5762,#5763,#5764,#5765));
#5762 = ORIENTED_EDGE('',*,*,#5621,.F.);
#5763 = ORIENTED_EDGE('',*,*,#4989,.T.);
#5764 = ORIENTED_EDGE('',*,*,#5740,.T.);
#5765 = ORIENTED_EDGE('',*,*,#5766,.F.);
#5766 = EDGE_CURVE('',#5622,#5741,#5767,.T.);
#5767 = LINE('',#5768,#5769);
#5768 = CARTESIAN_POINT('',(20.,1.1,11.4));
#5769 = VECTOR('',#5770,1.);
#5770 = DIRECTION('',(1.,0.,-0.));
#5771 = PLANE('',#5772);
#5772 = AXIS2_PLACEMENT_3D('',#5773,#5774,#5775);
#5773 = CARTESIAN_POINT('',(20.,0.,11.4));
#5774 = DIRECTION('',(0.,0.,1.));
#5775 = DIRECTION('',(1.,0.,-0.));
#5776 = ADVANCED_FACE('',(#5777),#5783,.T.);
#5777 = FACE_BOUND('',#5778,.T.);
#5778 = EDGE_LOOP('',(#5779,#5780,#5781,#5782));
#5779 = ORIENTED_EDGE('',*,*,#5118,.F.);
#5780 = ORIENTED_EDGE('',*,*,#5134,.T.);
#5781 = ORIENTED_EDGE('',*,*,#5159,.T.);
#5782 = ORIENTED_EDGE('',*,*,#5054,.F.);
#5783 = PLANE('',#5784);
#5784 = AXIS2_PLACEMENT_3D('',#5785,#5786,#5787);
#5785 = CARTESIAN_POINT('',(23.,47.4,18.8));
#5786 = DIRECTION('',(0.,0.,1.));
#5787 = DIRECTION('',(1.,0.,-0.));
#5788 = ADVANCED_FACE('',(#5789),#5807,.F.);
#5789 = FACE_BOUND('',#5790,.F.);
#5790 = EDGE_LOOP('',(#5791,#5799,#5805,#5806));
#5791 = ORIENTED_EDGE('',*,*,#5792,.T.);
#5792 = EDGE_CURVE('',#5559,#5793,#5795,.T.);
#5793 = VERTEX_POINT('',#5794);
#5794 = CARTESIAN_POINT('',(12.,21.5,7.5));
#5795 = LINE('',#5796,#5797);
#5796 = CARTESIAN_POINT('',(12.,21.5,3.25));
#5797 = VECTOR('',#5798,1.);
#5798 = DIRECTION('',(-0.,0.,-1.));
#5799 = ORIENTED_EDGE('',*,*,#5800,.T.);
#5800 = EDGE_CURVE('',#5793,#5224,#5801,.T.);
#5801 = LINE('',#5802,#5803);
#5802 = CARTESIAN_POINT('',(12.,21.4,7.5));
#5803 = VECTOR('',#5804,1.);
#5804 = DIRECTION('',(-0.,1.,0.));
#5805 = ORIENTED_EDGE('',*,*,#5231,.F.);
#5806 = ORIENTED_EDGE('',*,*,#5558,.F.);
#5807 = PLANE('',#5808);
#5808 = AXIS2_PLACEMENT_3D('',#5809,#5810,#5811);
#5809 = CARTESIAN_POINT('',(12.,21.4,7.5));
#5810 = DIRECTION('',(1.,0.,-0.));
#5811 = DIRECTION('',(0.,0.,1.));
#5812 = ADVANCED_FACE('',(#5813),#5831,.T.);
#5813 = FACE_BOUND('',#5814,.T.);
#5814 = EDGE_LOOP('',(#5815,#5823,#5829,#5830));
#5815 = ORIENTED_EDGE('',*,*,#5816,.F.);
#5816 = EDGE_CURVE('',#5817,#5216,#5819,.T.);
#5817 = VERTEX_POINT('',#5818);
#5818 = CARTESIAN_POINT('',(5.,21.5,7.5));
#5819 = LINE('',#5820,#5821);
#5820 = CARTESIAN_POINT('',(5.,21.4,7.5));
#5821 = VECTOR('',#5822,1.);
#5822 = DIRECTION('',(-0.,1.,0.));
#5823 = ORIENTED_EDGE('',*,*,#5824,.T.);
#5824 = EDGE_CURVE('',#5817,#5793,#5825,.T.);
#5825 = LINE('',#5826,#5827);
#5826 = CARTESIAN_POINT('',(4.5,21.5,7.5));
#5827 = VECTOR('',#5828,1.);
#5828 = DIRECTION('',(1.,0.,-0.));
#5829 = ORIENTED_EDGE('',*,*,#5800,.T.);
#5830 = ORIENTED_EDGE('',*,*,#5223,.F.);
#5831 = PLANE('',#5832);
#5832 = AXIS2_PLACEMENT_3D('',#5833,#5834,#5835);
#5833 = CARTESIAN_POINT('',(5.,21.4,7.5));
#5834 = DIRECTION('',(0.,0.,1.));
#5835 = DIRECTION('',(1.,0.,-0.));
#5836 = ADVANCED_FACE('',(#5837),#5848,.T.);
#5837 = FACE_BOUND('',#5838,.T.);
#5838 = EDGE_LOOP('',(#5839,#5845,#5846,#5847));
#5839 = ORIENTED_EDGE('',*,*,#5840,.T.);
#5840 = EDGE_CURVE('',#5599,#5817,#5841,.T.);
#5841 = LINE('',#5842,#5843);
#5842 = CARTESIAN_POINT('',(5.,21.5,3.25));
#5843 = VECTOR('',#5844,1.);
#5844 = DIRECTION('',(-0.,0.,-1.));
#5845 = ORIENTED_EDGE('',*,*,#5816,.T.);
#5846 = ORIENTED_EDGE('',*,*,#5215,.F.);
#5847 = ORIENTED_EDGE('',*,*,#5606,.F.);
#5848 = PLANE('',#5849);
#5849 = AXIS2_PLACEMENT_3D('',#5850,#5851,#5852);
#5850 = CARTESIAN_POINT('',(5.,21.4,7.5));
#5851 = DIRECTION('',(1.,0.,-0.));
#5852 = DIRECTION('',(0.,0.,1.));
#5853 = ADVANCED_FACE('',(#5854),#5857,.T.);
#5854 = FACE_BOUND('',#5855,.T.);
#5855 = EDGE_LOOP('',(#5856));
#5856 = ORIENTED_EDGE('',*,*,#5270,.T.);
#5857 = PLANE('',#5858);
#5858 = AXIS2_PLACEMENT_3D('',#5859,#5860,#5861);
#5859 = CARTESIAN_POINT('',(40.,31.5,15.7));
#5860 = DIRECTION('',(0.,0.,1.));
#5861 = DIRECTION('',(1.,0.,-0.));
#5862 = ADVANCED_FACE('',(#5863),#5867,.T.);
#5863 = FACE_BOUND('',#5864,.T.);
#5864 = EDGE_LOOP('',(#5865,#5866));
#5865 = ORIENTED_EDGE('',*,*,#5337,.T.);
#5866 = ORIENTED_EDGE('',*,*,#5295,.T.);
#5867 = PLANE('',#5868);
#5868 = AXIS2_PLACEMENT_3D('',#5869,#5870,#5871);
#5869 = CARTESIAN_POINT('',(53.2,27.,15.7));
#5870 = DIRECTION('',(0.,0.,1.));
#5871 = DIRECTION('',(1.,0.,-0.));
#5872 = ADVANCED_FACE('',(#5873),#5879,.T.);
#5873 = FACE_BOUND('',#5874,.T.);
#5874 = EDGE_LOOP('',(#5875,#5876,#5877,#5878));
#5875 = ORIENTED_EDGE('',*,*,#5353,.F.);
#5876 = ORIENTED_EDGE('',*,*,#5393,.T.);
#5877 = ORIENTED_EDGE('',*,*,#5418,.T.);
#5878 = ORIENTED_EDGE('',*,*,#5369,.F.);
#5879 = PLANE('',#5880);
#5880 = AXIS2_PLACEMENT_3D('',#5881,#5882,#5883);
#5881 = CARTESIAN_POINT('',(54.4,26.,18.8));
#5882 = DIRECTION('',(0.,0.,1.));
#5883 = DIRECTION('',(1.,0.,-0.));
#5884 = ADVANCED_FACE('',(#5885),#5888,.T.);
#5885 = FACE_BOUND('',#5886,.T.);
#5886 = EDGE_LOOP('',(#5887));
#5887 = ORIENTED_EDGE('',*,*,#5432,.T.);
#5888 = PLANE('',#5889);
#5889 = AXIS2_PLACEMENT_3D('',#5890,#5891,#5892);
#5890 = CARTESIAN_POINT('',(19.,39.,15.7));
#5891 = DIRECTION('',(0.,0.,1.));
#5892 = DIRECTION('',(1.,0.,-0.));
#5893 = ADVANCED_FACE('',(#5894),#5897,.T.);
#5894 = FACE_BOUND('',#5895,.T.);
#5895 = EDGE_LOOP('',(#5896));
#5896 = ORIENTED_EDGE('',*,*,#5457,.T.);
#5897 = PLANE('',#5898);
#5898 = AXIS2_PLACEMENT_3D('',#5899,#5900,#5901);
#5899 = CARTESIAN_POINT('',(9.,42.,15.7));
#5900 = DIRECTION('',(0.,0.,1.));
#5901 = DIRECTION('',(1.,0.,-0.));
#5902 = ADVANCED_FACE('',(#5903,#5906),#5917,.T.);
#5903 = FACE_BOUND('',#5904,.T.);
#5904 = EDGE_LOOP('',(#5905));
#5905 = ORIENTED_EDGE('',*,*,#5482,.T.);
#5906 = FACE_BOUND('',#5907,.T.);
#5907 = EDGE_LOOP('',(#5908));
#5908 = ORIENTED_EDGE('',*,*,#5909,.F.);
#5909 = EDGE_CURVE('',#5910,#5910,#5912,.T.);
#5910 = VERTEX_POINT('',#5911);
#5911 = CARTESIAN_POINT('',(30.35,40.15,15.7));
#5912 = CIRCLE('',#5913,0.85);
#5913 = AXIS2_PLACEMENT_3D('',#5914,#5915,#5916);
#5914 = CARTESIAN_POINT('',(29.5,40.15,15.7));
#5915 = DIRECTION('',(0.,0.,1.));
#5916 = DIRECTION('',(1.,0.,-0.));
#5917 = PLANE('',#5918);
#5918 = AXIS2_PLACEMENT_3D('',#5919,#5920,#5921);
#5919 = CARTESIAN_POINT('',(29.5,40.15,15.7));
#5920 = DIRECTION('',(0.,0.,1.));
#5921 = DIRECTION('',(1.,0.,-0.));
#5922 = ADVANCED_FACE('',(#5923),#5926,.T.);
#5923 = FACE_BOUND('',#5924,.T.);
#5924 = EDGE_LOOP('',(#5925));
#5925 = ORIENTED_EDGE('',*,*,#5507,.T.);
#5926 = PLANE('',#5927);
#5927 = AXIS2_PLACEMENT_3D('',#5928,#5929,#5930);
#5928 = CARTESIAN_POINT('',(52.8,39.2,15.7));
#5929 = DIRECTION('',(0.,0.,1.));
#5930 = DIRECTION('',(1.,0.,-0.));
#5931 = ADVANCED_FACE('',(#5932),#5961,.F.);
#5932 = FACE_BOUND('',#5933,.F.);
#5933 = EDGE_LOOP('',(#5934,#5942,#5950,#5956,#5957,#5958,#5959,#5960));
#5934 = ORIENTED_EDGE('',*,*,#5935,.F.);
#5935 = EDGE_CURVE('',#5936,#5567,#5938,.T.);
#5936 = VERTEX_POINT('',#5937);
#5937 = CARTESIAN_POINT('',(52.,21.5,0.));
#5938 = LINE('',#5939,#5940);
#5939 = CARTESIAN_POINT('',(52.,21.5,-1.));
#5940 = VECTOR('',#5941,1.);
#5941 = DIRECTION('',(0.,0.,1.));
#5942 = ORIENTED_EDGE('',*,*,#5943,.T.);
#5943 = EDGE_CURVE('',#5936,#5944,#5946,.T.);
#5944 = VERTEX_POINT('',#5945);
#5945 = CARTESIAN_POINT('',(4.,21.5,0.));
#5946 = LINE('',#5947,#5948);
#5947 = CARTESIAN_POINT('',(3.25,21.5,0.));
#5948 = VECTOR('',#5949,1.);
#5949 = DIRECTION('',(-1.,-0.,0.));
#5950 = ORIENTED_EDGE('',*,*,#5951,.T.);
#5951 = EDGE_CURVE('',#5944,#5591,#5952,.T.);
#5952 = LINE('',#5953,#5954);
#5953 = CARTESIAN_POINT('',(4.,21.5,-1.));
#5954 = VECTOR('',#5955,1.);
#5955 = DIRECTION('',(0.,0.,1.));
#5956 = ORIENTED_EDGE('',*,*,#5598,.F.);
#5957 = ORIENTED_EDGE('',*,*,#5840,.T.);
#5958 = ORIENTED_EDGE('',*,*,#5824,.T.);
#5959 = ORIENTED_EDGE('',*,*,#5792,.F.);
#5960 = ORIENTED_EDGE('',*,*,#5566,.F.);
#5961 = PLANE('',#5962);
#5962 = AXIS2_PLACEMENT_3D('',#5963,#5964,#5965);
#5963 = CARTESIAN_POINT('',(4.,21.5,-1.));
#5964 = DIRECTION('',(-0.,1.,0.));
#5965 = DIRECTION('',(0.,0.,1.));
#5966 = ADVANCED_FACE('',(#5967),#5985,.T.);
#5967 = FACE_BOUND('',#5968,.T.);
#5968 = EDGE_LOOP('',(#5969,#5977,#5983,#5984));
#5969 = ORIENTED_EDGE('',*,*,#5970,.F.);
#5970 = EDGE_CURVE('',#5971,#5583,#5973,.T.);
#5971 = VERTEX_POINT('',#5972);
#5972 = CARTESIAN_POINT('',(4.,0.5,0.));
#5973 = LINE('',#5974,#5975);
#5974 = CARTESIAN_POINT('',(4.,0.5,-1.));
#5975 = VECTOR('',#5976,1.);
#5976 = DIRECTION('',(0.,0.,1.));
#5977 = ORIENTED_EDGE('',*,*,#5978,.T.);
#5978 = EDGE_CURVE('',#5971,#5944,#5979,.T.);
#5979 = LINE('',#5980,#5981);
#5980 = CARTESIAN_POINT('',(4.,0.25,0.));
#5981 = VECTOR('',#5982,1.);
#5982 = DIRECTION('',(-0.,1.,0.));
#5983 = ORIENTED_EDGE('',*,*,#5951,.T.);
#5984 = ORIENTED_EDGE('',*,*,#5590,.F.);
#5985 = PLANE('',#5986);
#5986 = AXIS2_PLACEMENT_3D('',#5987,#5988,#5989);
#5987 = CARTESIAN_POINT('',(4.,0.5,-1.));
#5988 = DIRECTION('',(1.,0.,-0.));
#5989 = DIRECTION('',(0.,0.,1.));
#5990 = ADVANCED_FACE('',(#5991),#6009,.T.);
#5991 = FACE_BOUND('',#5992,.T.);
#5992 = EDGE_LOOP('',(#5993,#6001,#6007,#6008));
#5993 = ORIENTED_EDGE('',*,*,#5994,.F.);
#5994 = EDGE_CURVE('',#5995,#5575,#5997,.T.);
#5995 = VERTEX_POINT('',#5996);
#5996 = CARTESIAN_POINT('',(52.,0.5,0.));
#5997 = LINE('',#5998,#5999);
#5998 = CARTESIAN_POINT('',(52.,0.5,-1.));
#5999 = VECTOR('',#6000,1.);
#6000 = DIRECTION('',(0.,0.,1.));
#6001 = ORIENTED_EDGE('',*,*,#6002,.T.);
#6002 = EDGE_CURVE('',#5995,#5971,#6003,.T.);
#6003 = LINE('',#6004,#6005);
#6004 = CARTESIAN_POINT('',(3.25,0.5,0.));
#6005 = VECTOR('',#6006,1.);
#6006 = DIRECTION('',(-1.,-0.,0.));
#6007 = ORIENTED_EDGE('',*,*,#5970,.T.);
#6008 = ORIENTED_EDGE('',*,*,#5582,.F.);
#6009 = PLANE('',#6010);
#6010 = AXIS2_PLACEMENT_3D('',#6011,#6012,#6013);
#6011 = CARTESIAN_POINT('',(4.,0.5,-1.));
#6012 = DIRECTION('',(-0.,1.,0.));
#6013 = DIRECTION('',(0.,0.,1.));
#6014 = ADVANCED_FACE('',(#6015),#6026,.F.);
#6015 = FACE_BOUND('',#6016,.F.);
#6016 = EDGE_LOOP('',(#6017,#6018,#6024,#6025));
#6017 = ORIENTED_EDGE('',*,*,#5994,.F.);
#6018 = ORIENTED_EDGE('',*,*,#6019,.T.);
#6019 = EDGE_CURVE('',#5995,#5936,#6020,.T.);
#6020 = LINE('',#6021,#6022);
#6021 = CARTESIAN_POINT('',(52.,0.25,0.));
#6022 = VECTOR('',#6023,1.);
#6023 = DIRECTION('',(-0.,1.,0.));
#6024 = ORIENTED_EDGE('',*,*,#5935,.T.);
#6025 = ORIENTED_EDGE('',*,*,#5574,.F.);
#6026 = PLANE('',#6027);
#6027 = AXIS2_PLACEMENT_3D('',#6028,#6029,#6030);
#6028 = CARTESIAN_POINT('',(52.,0.5,-1.));
#6029 = DIRECTION('',(1.,0.,-0.));
#6030 = DIRECTION('',(0.,0.,1.));
#6031 = ADVANCED_FACE('',(#6032),#6084,.T.);
#6032 = FACE_BOUND('',#6033,.T.);
#6033 = EDGE_LOOP('',(#6034,#6035,#6036,#6037,#6038,#6039,#6047,#6055,
    #6061,#6062,#6070,#6078));
#6034 = ORIENTED_EDGE('',*,*,#5661,.T.);
#6035 = ORIENTED_EDGE('',*,*,#5748,.F.);
#6036 = ORIENTED_EDGE('',*,*,#5766,.F.);
#6037 = ORIENTED_EDGE('',*,*,#5629,.T.);
#6038 = ORIENTED_EDGE('',*,*,#5725,.T.);
#6039 = ORIENTED_EDGE('',*,*,#6040,.T.);
#6040 = EDGE_CURVE('',#5718,#6041,#6043,.T.);
#6041 = VERTEX_POINT('',#6042);
#6042 = CARTESIAN_POINT('',(21.,1.1,17.8));
#6043 = LINE('',#6044,#6045);
#6044 = CARTESIAN_POINT('',(21.,1.1,14.6));
#6045 = VECTOR('',#6046,1.);
#6046 = DIRECTION('',(-0.,0.,-1.));
#6047 = ORIENTED_EDGE('',*,*,#6048,.T.);
#6048 = EDGE_CURVE('',#6041,#6049,#6051,.T.);
#6049 = VERTEX_POINT('',#6050);
#6050 = CARTESIAN_POINT('',(25.,1.1,17.8));
#6051 = LINE('',#6052,#6053);
#6052 = CARTESIAN_POINT('',(20.5,1.1,17.8));
#6053 = VECTOR('',#6054,1.);
#6054 = DIRECTION('',(1.,0.,-0.));
#6055 = ORIENTED_EDGE('',*,*,#6056,.F.);
#6056 = EDGE_CURVE('',#5694,#6049,#6057,.T.);
#6057 = LINE('',#6058,#6059);
#6058 = CARTESIAN_POINT('',(25.,1.1,14.6));
#6059 = VECTOR('',#6060,1.);
#6060 = DIRECTION('',(-0.,0.,-1.));
#6061 = ORIENTED_EDGE('',*,*,#5693,.T.);
#6062 = ORIENTED_EDGE('',*,*,#6063,.T.);
#6063 = EDGE_CURVE('',#5686,#6064,#6066,.T.);
#6064 = VERTEX_POINT('',#6065);
#6065 = CARTESIAN_POINT('',(34.,1.1,17.8));
#6066 = LINE('',#6067,#6068);
#6067 = CARTESIAN_POINT('',(34.,1.1,14.6));
#6068 = VECTOR('',#6069,1.);
#6069 = DIRECTION('',(-0.,0.,-1.));
#6070 = ORIENTED_EDGE('',*,*,#6071,.T.);
#6071 = EDGE_CURVE('',#6064,#6072,#6074,.T.);
#6072 = VERTEX_POINT('',#6073);
#6073 = CARTESIAN_POINT('',(38.,1.1,17.8));
#6074 = LINE('',#6075,#6076);
#6075 = CARTESIAN_POINT('',(27.,1.1,17.8));
#6076 = VECTOR('',#6077,1.);
#6077 = DIRECTION('',(1.,0.,-0.));
#6078 = ORIENTED_EDGE('',*,*,#6079,.F.);
#6079 = EDGE_CURVE('',#5662,#6072,#6080,.T.);
#6080 = LINE('',#6081,#6082);
#6081 = CARTESIAN_POINT('',(38.,1.1,14.6));
#6082 = VECTOR('',#6083,1.);
#6083 = DIRECTION('',(-0.,0.,-1.));
#6084 = PLANE('',#6085);
#6085 = AXIS2_PLACEMENT_3D('',#6086,#6087,#6088);
#6086 = CARTESIAN_POINT('',(20.,1.1,11.4));
#6087 = DIRECTION('',(-0.,1.,0.));
#6088 = DIRECTION('',(0.,0.,1.));
#6089 = ADVANCED_FACE('',(#6090),#6108,.T.);
#6090 = FACE_BOUND('',#6091,.T.);
#6091 = EDGE_LOOP('',(#6092,#6093,#6101,#6107));
#6092 = ORIENTED_EDGE('',*,*,#6079,.T.);
#6093 = ORIENTED_EDGE('',*,*,#6094,.T.);
#6094 = EDGE_CURVE('',#6072,#6095,#6097,.T.);
#6095 = VERTEX_POINT('',#6096);
#6096 = CARTESIAN_POINT('',(38.,2.3,17.8));
#6097 = LINE('',#6098,#6099);
#6098 = CARTESIAN_POINT('',(38.,0.,17.8));
#6099 = VECTOR('',#6100,1.);
#6100 = DIRECTION('',(-0.,1.,0.));
#6101 = ORIENTED_EDGE('',*,*,#6102,.T.);
#6102 = EDGE_CURVE('',#6095,#5670,#6103,.T.);
#6103 = LINE('',#6104,#6105);
#6104 = CARTESIAN_POINT('',(38.,2.3,17.8));
#6105 = VECTOR('',#6106,1.);
#6106 = DIRECTION('',(0.,0.,1.));
#6107 = ORIENTED_EDGE('',*,*,#5669,.F.);
#6108 = PLANE('',#6109);
#6109 = AXIS2_PLACEMENT_3D('',#6110,#6111,#6112);
#6110 = CARTESIAN_POINT('',(38.,0.,17.8));
#6111 = DIRECTION('',(1.,0.,-0.));
#6112 = DIRECTION('',(0.,0.,1.));
#6113 = ADVANCED_FACE('',(#6114),#6132,.T.);
#6114 = FACE_BOUND('',#6115,.T.);
#6115 = EDGE_LOOP('',(#6116,#6124,#6130,#6131));
#6116 = ORIENTED_EDGE('',*,*,#6117,.F.);
#6117 = EDGE_CURVE('',#6118,#6095,#6120,.T.);
#6118 = VERTEX_POINT('',#6119);
#6119 = CARTESIAN_POINT('',(34.,2.3,17.8));
#6120 = LINE('',#6121,#6122);
#6121 = CARTESIAN_POINT('',(34.,2.3,17.8));
#6122 = VECTOR('',#6123,1.);
#6123 = DIRECTION('',(1.,0.,-0.));
#6124 = ORIENTED_EDGE('',*,*,#6125,.T.);
#6125 = EDGE_CURVE('',#6118,#5678,#6126,.T.);
#6126 = LINE('',#6127,#6128);
#6127 = CARTESIAN_POINT('',(34.,2.3,17.8));
#6128 = VECTOR('',#6129,1.);
#6129 = DIRECTION('',(0.,0.,1.));
#6130 = ORIENTED_EDGE('',*,*,#5677,.T.);
#6131 = ORIENTED_EDGE('',*,*,#6102,.F.);
#6132 = PLANE('',#6133);
#6133 = AXIS2_PLACEMENT_3D('',#6134,#6135,#6136);
#6134 = CARTESIAN_POINT('',(34.,2.3,17.8));
#6135 = DIRECTION('',(-0.,1.,0.));
#6136 = DIRECTION('',(0.,0.,1.));
#6137 = ADVANCED_FACE('',(#6138),#6149,.F.);
#6138 = FACE_BOUND('',#6139,.F.);
#6139 = EDGE_LOOP('',(#6140,#6141,#6147,#6148));
#6140 = ORIENTED_EDGE('',*,*,#6063,.T.);
#6141 = ORIENTED_EDGE('',*,*,#6142,.T.);
#6142 = EDGE_CURVE('',#6064,#6118,#6143,.T.);
#6143 = LINE('',#6144,#6145);
#6144 = CARTESIAN_POINT('',(34.,0.,17.8));
#6145 = VECTOR('',#6146,1.);
#6146 = DIRECTION('',(-0.,1.,0.));
#6147 = ORIENTED_EDGE('',*,*,#6125,.T.);
#6148 = ORIENTED_EDGE('',*,*,#5685,.F.);
#6149 = PLANE('',#6150);
#6150 = AXIS2_PLACEMENT_3D('',#6151,#6152,#6153);
#6151 = CARTESIAN_POINT('',(34.,0.,17.8));
#6152 = DIRECTION('',(1.,0.,-0.));
#6153 = DIRECTION('',(0.,0.,1.));
#6154 = ADVANCED_FACE('',(#6155),#6173,.T.);
#6155 = FACE_BOUND('',#6156,.T.);
#6156 = EDGE_LOOP('',(#6157,#6158,#6166,#6172));
#6157 = ORIENTED_EDGE('',*,*,#6056,.T.);
#6158 = ORIENTED_EDGE('',*,*,#6159,.T.);
#6159 = EDGE_CURVE('',#6049,#6160,#6162,.T.);
#6160 = VERTEX_POINT('',#6161);
#6161 = CARTESIAN_POINT('',(25.,2.3,17.8));
#6162 = LINE('',#6163,#6164);
#6163 = CARTESIAN_POINT('',(25.,0.,17.8));
#6164 = VECTOR('',#6165,1.);
#6165 = DIRECTION('',(-0.,1.,0.));
#6166 = ORIENTED_EDGE('',*,*,#6167,.T.);
#6167 = EDGE_CURVE('',#6160,#5702,#6168,.T.);
#6168 = LINE('',#6169,#6170);
#6169 = CARTESIAN_POINT('',(25.,2.3,17.8));
#6170 = VECTOR('',#6171,1.);
#6171 = DIRECTION('',(0.,0.,1.));
#6172 = ORIENTED_EDGE('',*,*,#5701,.F.);
#6173 = PLANE('',#6174);
#6174 = AXIS2_PLACEMENT_3D('',#6175,#6176,#6177);
#6175 = CARTESIAN_POINT('',(25.,0.,17.8));
#6176 = DIRECTION('',(1.,0.,-0.));
#6177 = DIRECTION('',(0.,0.,1.));
#6178 = ADVANCED_FACE('',(#6179),#6197,.T.);
#6179 = FACE_BOUND('',#6180,.T.);
#6180 = EDGE_LOOP('',(#6181,#6189,#6195,#6196));
#6181 = ORIENTED_EDGE('',*,*,#6182,.F.);
#6182 = EDGE_CURVE('',#6183,#6160,#6185,.T.);
#6183 = VERTEX_POINT('',#6184);
#6184 = CARTESIAN_POINT('',(21.,2.3,17.8));
#6185 = LINE('',#6186,#6187);
#6186 = CARTESIAN_POINT('',(21.,2.3,17.8));
#6187 = VECTOR('',#6188,1.);
#6188 = DIRECTION('',(1.,0.,-0.));
#6189 = ORIENTED_EDGE('',*,*,#6190,.T.);
#6190 = EDGE_CURVE('',#6183,#5710,#6191,.T.);
#6191 = LINE('',#6192,#6193);
#6192 = CARTESIAN_POINT('',(21.,2.3,17.8));
#6193 = VECTOR('',#6194,1.);
#6194 = DIRECTION('',(0.,0.,1.));
#6195 = ORIENTED_EDGE('',*,*,#5709,.T.);
#6196 = ORIENTED_EDGE('',*,*,#6167,.F.);
#6197 = PLANE('',#6198);
#6198 = AXIS2_PLACEMENT_3D('',#6199,#6200,#6201);
#6199 = CARTESIAN_POINT('',(21.,2.3,17.8));
#6200 = DIRECTION('',(-0.,1.,0.));
#6201 = DIRECTION('',(0.,0.,1.));
#6202 = ADVANCED_FACE('',(#6203),#6214,.F.);
#6203 = FACE_BOUND('',#6204,.F.);
#6204 = EDGE_LOOP('',(#6205,#6206,#6212,#6213));
#6205 = ORIENTED_EDGE('',*,*,#6040,.T.);
#6206 = ORIENTED_EDGE('',*,*,#6207,.T.);
#6207 = EDGE_CURVE('',#6041,#6183,#6208,.T.);
#6208 = LINE('',#6209,#6210);
#6209 = CARTESIAN_POINT('',(21.,0.,17.8));
#6210 = VECTOR('',#6211,1.);
#6211 = DIRECTION('',(-0.,1.,0.));
#6212 = ORIENTED_EDGE('',*,*,#6190,.T.);
#6213 = ORIENTED_EDGE('',*,*,#5717,.F.);
#6214 = PLANE('',#6215);
#6215 = AXIS2_PLACEMENT_3D('',#6216,#6217,#6218);
#6216 = CARTESIAN_POINT('',(21.,0.,17.8));
#6217 = DIRECTION('',(1.,0.,-0.));
#6218 = DIRECTION('',(0.,0.,1.));
#6219 = ADVANCED_FACE('',(#6220),#6239,.F.);
#6220 = FACE_BOUND('',#6221,.F.);
#6221 = EDGE_LOOP('',(#6222,#6223,#6231,#6238));
#6222 = ORIENTED_EDGE('',*,*,#5909,.F.);
#6223 = ORIENTED_EDGE('',*,*,#6224,.F.);
#6224 = EDGE_CURVE('',#6225,#5910,#6227,.T.);
#6225 = VERTEX_POINT('',#6226);
#6226 = CARTESIAN_POINT('',(30.35,40.15,10.7));
#6227 = LINE('',#6228,#6229);
#6228 = CARTESIAN_POINT('',(30.35,40.15,10.7));
#6229 = VECTOR('',#6230,1.);
#6230 = DIRECTION('',(0.,0.,1.));
#6231 = ORIENTED_EDGE('',*,*,#6232,.T.);
#6232 = EDGE_CURVE('',#6225,#6225,#6233,.T.);
#6233 = CIRCLE('',#6234,0.85);
#6234 = AXIS2_PLACEMENT_3D('',#6235,#6236,#6237);
#6235 = CARTESIAN_POINT('',(29.5,40.15,10.7));
#6236 = DIRECTION('',(0.,0.,1.));
#6237 = DIRECTION('',(1.,0.,-0.));
#6238 = ORIENTED_EDGE('',*,*,#6224,.T.);
#6239 = CYLINDRICAL_SURFACE('',#6240,0.85);
#6240 = AXIS2_PLACEMENT_3D('',#6241,#6242,#6243);
#6241 = CARTESIAN_POINT('',(29.5,40.15,10.7));
#6242 = DIRECTION('',(0.,0.,1.));
#6243 = DIRECTION('',(1.,0.,-0.));
#6244 = ADVANCED_FACE('',(#6245),#6251,.T.);
#6245 = FACE_BOUND('',#6246,.T.);
#6246 = EDGE_LOOP('',(#6247,#6248,#6249,#6250));
#6247 = ORIENTED_EDGE('',*,*,#6002,.F.);
#6248 = ORIENTED_EDGE('',*,*,#6019,.T.);
#6249 = ORIENTED_EDGE('',*,*,#5943,.T.);
#6250 = ORIENTED_EDGE('',*,*,#5978,.F.);
#6251 = PLANE('',#6252);
#6252 = AXIS2_PLACEMENT_3D('',#6253,#6254,#6255);
#6253 = CARTESIAN_POINT('',(0.,0.,0.));
#6254 = DIRECTION('',(0.,0.,1.));
#6255 = DIRECTION('',(1.,0.,-0.));
#6256 = ADVANCED_FACE('',(#6257),#6263,.F.);
#6257 = FACE_BOUND('',#6258,.F.);
#6258 = EDGE_LOOP('',(#6259,#6260,#6261,#6262));
#6259 = ORIENTED_EDGE('',*,*,#6142,.F.);
#6260 = ORIENTED_EDGE('',*,*,#6071,.T.);
#6261 = ORIENTED_EDGE('',*,*,#6094,.T.);
#6262 = ORIENTED_EDGE('',*,*,#6117,.F.);
#6263 = PLANE('',#6264);
#6264 = AXIS2_PLACEMENT_3D('',#6265,#6266,#6267);
#6265 = CARTESIAN_POINT('',(34.,0.,17.8));
#6266 = DIRECTION('',(0.,0.,1.));
#6267 = DIRECTION('',(1.,0.,-0.));
#6268 = ADVANCED_FACE('',(#6269),#6275,.F.);
#6269 = FACE_BOUND('',#6270,.F.);
#6270 = EDGE_LOOP('',(#6271,#6272,#6273,#6274));
#6271 = ORIENTED_EDGE('',*,*,#6207,.F.);
#6272 = ORIENTED_EDGE('',*,*,#6048,.T.);
#6273 = ORIENTED_EDGE('',*,*,#6159,.T.);
#6274 = ORIENTED_EDGE('',*,*,#6182,.F.);
#6275 = PLANE('',#6276);
#6276 = AXIS2_PLACEMENT_3D('',#6277,#6278,#6279);
#6277 = CARTESIAN_POINT('',(21.,0.,17.8));
#6278 = DIRECTION('',(0.,0.,1.));
#6279 = DIRECTION('',(1.,0.,-0.));
#6280 = ADVANCED_FACE('',(#6281),#6284,.T.);
#6281 = FACE_BOUND('',#6282,.F.);
#6282 = EDGE_LOOP('',(#6283));
#6283 = ORIENTED_EDGE('',*,*,#6232,.F.);
#6284 = PLANE('',#6285);
#6285 = AXIS2_PLACEMENT_3D('',#6286,#6287,#6288);
#6286 = CARTESIAN_POINT('',(29.5,40.15,10.7));
#6287 = DIRECTION('',(0.,0.,1.));
#6288 = DIRECTION('',(1.,0.,-0.));
#6289 = ( GEOMETRIC_REPRESENTATION_CONTEXT(3) 
GLOBAL_UNCERTAINTY_ASSIGNED_CONTEXT((#6293)) 
GLOBAL_UNIT_ASSIGNED_CONTEXT((#6290,#6291,#6292)) REPRESENTATION_CONTEXT
('Context #1','3D Context with UNIT and UNCERTAINTY') );
#6290 = ( LENGTH_UNIT() NAMED_UNIT(*) SI_UNIT(.MILLI.,.METRE.) );
#6291 = ( NAMED_UNIT(*) PLANE_ANGLE_UNIT() SI_UNIT($,.RADIAN.) );
#6292 = ( NAMED_UNIT(*) SI_UNIT($,.STERADIAN.) SOLID_ANGLE_UNIT() );
#6293 = UNCERTAINTY_MEASURE_WITH_UNIT(LENGTH_MEASURE(2.E-07),#6290,
  'distance_accuracy_value','confusion accuracy');
#6294 = PRODUCT_RELATED_PRODUCT_CATEGORY('part',$,(#7));
ENDSEC;
END-ISO-10303-21;
